#include "pixelram.h"
#include "raylib.h"

#include <stdlib.h>
#include <string.h>

#ifdef PLATFORM_WEB
#include <emscripten.h>

EM_ASYNC_JS(void, pixelram_wait_animation_frame, (), {
    await new Promise(resolve => requestAnimationFrame(resolve));
});

EM_ASYNC_JS(void, pixelram_sleep_ms_js, (unsigned int ms), {
    await new Promise(resolve => setTimeout(resolve, ms));
});

EM_JS(void, pixelram_set_pixel_aspect_js, (double ratio), {
    document.documentElement.style.setProperty("--pixel-aspect-ratio", String(ratio));
    window.dispatchEvent(new Event("resize"));
});

EM_JS(void, pixelram_schedule_auto_present_js, (), {
    if (window.__pixelramAutoPresentScheduled)
        return;

    window.__pixelramAutoPresentScheduled = true;

    requestAnimationFrame(() => {
        window.__pixelramAutoPresentScheduled = false;

        if (Module._pixelram_web_auto_present)
            Module._pixelram_web_auto_present();
    });
});


EM_JS(void, pixelram_capture_frame_js,
      (const unsigned char *rgba, int width, int height), {
    if (!rgba || width <= 0 || height <= 0)
        return;

    let frame = window.__pixelramFrame;

    if (!frame || frame.width !== width || frame.height !== height) {
        const canvas = document.createElement("canvas");
        canvas.width = width;
        canvas.height = height;

        const context = canvas.getContext("2d", {alpha: false});
        if (!context)
            return;

        const image = context.createImageData(width, height);

        frame = {
            canvas,
            context,
            image,
            width,
            height
        };

        window.__pixelramFrame = frame;
        window.PIXELRAM_FRAME_CANVAS = canvas;
    }

    const size = width * height * 4;
    frame.image.data.set(HEAPU8.subarray(rgba, rgba + size));
    frame.context.putImageData(frame.image, 0, 0);
});

EM_JS(void, pixelram_install_web_handlers, (), {
    const canvas = Module.canvas;
    if (!canvas || canvas.dataset.pixelramHandlers === "1")
        return;

    canvas.dataset.pixelramHandlers = "1";
    canvas.dataset.pixelramRelativeMouse = "0";
    canvas.dataset.pixelramFullscreen = "0";

    /*
     * raylib's normal browser mouse handling is canvas-oriented. That is
     * fine until a drag leaves the canvas: a mouseup outside can be missed,
     * leaving a polled button stuck down.
     *
     * PixelRAM therefore owns absolute mouse state on the web. A drag that
     * starts on the canvas remains tracked at window level until every
     * button from that drag has been released.
     */
    let trackedMouseButtons = 0;

    function pixelramMouseButton(button) {
        if (button === 0) return 0; /* left   */
        if (button === 2) return 1; /* right  */
        if (button === 1) return 2; /* middle */
        return -1;
    }

    function browserButtonDown(buttons, pixelramButton) {
        if (pixelramButton === 0) return (buttons & 1) !== 0;
        if (pixelramButton === 1) return (buttons & 2) !== 0;
        if (pixelramButton === 2) return (buttons & 4) !== 0;
        return false;
    }

    function updateAbsoluteMouse(event) {
        if (canvas.dataset.pixelramRelativeMouse === "1" &&
            document.pointerLockElement === canvas)
            return;

        const rect = canvas.getBoundingClientRect();
        if (rect.width <= 0 || rect.height <= 0)
            return;

        const x = Math.floor(
            (event.clientX - rect.left) * canvas.width / rect.width
        );
        const y = Math.floor(
            (event.clientY - rect.top) * canvas.height / rect.height
        );

        Module._pixelram_web_mouse_position(x, y);
    }

    canvas.addEventListener("mousemove", event => {
        updateAbsoluteMouse(event);
    });

    canvas.addEventListener("mousedown", event => {
        const button = pixelramMouseButton(event.button);
        if (button < 0)
            return;

        updateAbsoluteMouse(event);
        trackedMouseButtons |= 1 << button;
        Module._pixelram_web_mouse_button(button, 1);
    });

    window.addEventListener("mousemove", event => {
        if (!trackedMouseButtons)
            return;

        updateAbsoluteMouse(event);

        for (let button = 0; button < 3; button++) {
            const mask = 1 << button;
            if ((trackedMouseButtons & mask) &&
                !browserButtonDown(event.buttons, button)) {
                trackedMouseButtons &= ~mask;
                Module._pixelram_web_mouse_button(button, 0);
            }
        }
    });

    window.addEventListener("mouseup", event => {
        const button = pixelramMouseButton(event.button);
        if (button < 0)
            return;

        const mask = 1 << button;
        if (!(trackedMouseButtons & mask))
            return;

        updateAbsoluteMouse(event);
        trackedMouseButtons &= ~mask;
        Module._pixelram_web_mouse_button(button, 0);
    });

    window.addEventListener("blur", () => {
        for (let button = 0; button < 3; button++) {
            const mask = 1 << button;
            if (trackedMouseButtons & mask)
                Module._pixelram_web_mouse_button(button, 0);
        }
        trackedMouseButtons = 0;
    });

    let relativeMouseUnlockTime = -Infinity;

    document.addEventListener("pointerlockchange", () => {
        const locked = document.pointerLockElement === canvas;

        /*
         * Pointer lock can change independently of set_mouse_relative(),
         * especially when Escape releases it. Start every lock session with
         * a clean relative-mouse frame so stale movement cannot leak across
         * an unlock/relock boundary.
         */
        Module._pixelram_web_pointer_lock_changed(locked ? 1 : 0);

        /*
         * Escape is the browser's pointer-lock escape hatch. Chromium rejects
         * an immediate reacquire after that gesture, so require a fresh click
         * after a short grace period instead of leaking a rejected promise.
         */
        if (!locked && canvas.dataset.pixelramRelativeMouse === "1")
            relativeMouseUnlockTime = performance.now();
    });

    canvas.addEventListener("click", async () => {
        if (canvas.dataset.pixelramFullscreen === "1" && !document.fullscreenElement) {
            try {
                await canvas.requestFullscreen();
            } catch (_) {}
        }

        if (canvas.dataset.pixelramRelativeMouse === "1" &&
            document.pointerLockElement !== canvas &&
            performance.now() - relativeMouseUnlockTime >= 500) {
            try {
                const request = canvas.requestPointerLock({
                    unadjustedMovement: true
                });
                if (request && typeof request.then === "function")
                    await request;
            } catch (error) {
                /*
                 * Raw mouse input is preferable for FPS-style controls, but
                 * fall back to ordinary pointer lock on browsers that do not
                 * support unadjustedMovement.
                 */
                if (error && error.name === "NotSupportedError") {
                    try {
                        const fallback = canvas.requestPointerLock();
                        if (fallback && typeof fallback.then === "function")
                            await fallback;
                    } catch (_) {}
                }
            }
        }
    });

    document.addEventListener("mousemove", event => {
        if (canvas.dataset.pixelramRelativeMouse === "1" && document.pointerLockElement === canvas) {
            Module._pixelram_web_mouse_move(event.movementX | 0, event.movementY | 0);
        }
    });
});

EM_JS(void, pixelram_set_relative_mouse_js, (int enabled), {
    const canvas = Module.canvas;
    if (!canvas)
        return;

    canvas.dataset.pixelramRelativeMouse = enabled ? "1" : "0";

    if (!enabled && document.pointerLockElement === canvas)
        document.exitPointerLock();
});

EM_JS(void, pixelram_set_fullscreen_js, (int enabled), {
    const canvas = Module.canvas;
    if (!canvas)
        return;

    canvas.dataset.pixelramFullscreen = enabled ? "1" : "0";

    if (!enabled && document.fullscreenElement)
        document.exitFullscreen().catch(() => {});
});

EM_JS(int, pixelram_web_text_input_active, (), {
    return window.PIXELRAM_TEXT_INPUT_ACTIVE ? 1 : 0;
});
#endif

#define PIXELRAM_KEY_QUEUE_SIZE 128
#define PIXELRAM_KEY_STATE_SIZE ((int)pixel_key_f12 + 1)

typedef struct {
    uint8_t r;
    uint8_t g;
    uint8_t b;
} PaletteColor;

typedef struct {
    const char *name;
    const PaletteColor *colors;
    int count;
} PaletteDefinition;

/* PIXELRAM_PALETTES_BEGIN */
static const PaletteColor palette_p_1bit_monitor_glow[] = {
    { 0x22, 0x23, 0x23 }, { 0xf0, 0xf6, 0xf0 },
};

static const PaletteColor palette_aap_64[] = {
    { 0x06, 0x06, 0x08 }, { 0x14, 0x10, 0x13 }, { 0x3b, 0x17, 0x25 }, { 0x73, 0x17, 0x2d },
    { 0xb4, 0x20, 0x2a }, { 0xdf, 0x3e, 0x23 }, { 0xfa, 0x6a, 0x0a }, { 0xf9, 0xa3, 0x1b },
    { 0xff, 0xd5, 0x41 }, { 0xff, 0xfc, 0x40 }, { 0xd6, 0xf2, 0x64 }, { 0x9c, 0xdb, 0x43 },
    { 0x59, 0xc1, 0x35 }, { 0x14, 0xa0, 0x2e }, { 0x1a, 0x7a, 0x3e }, { 0x24, 0x52, 0x3b },
    { 0x12, 0x20, 0x20 }, { 0x14, 0x34, 0x64 }, { 0x28, 0x5c, 0xc4 }, { 0x24, 0x9f, 0xde },
    { 0x20, 0xd6, 0xc7 }, { 0xa6, 0xfc, 0xdb }, { 0xff, 0xff, 0xff }, { 0xfe, 0xf3, 0xc0 },
    { 0xfa, 0xd6, 0xb8 }, { 0xf5, 0xa0, 0x97 }, { 0xe8, 0x6a, 0x73 }, { 0xbc, 0x4a, 0x9b },
    { 0x79, 0x3a, 0x80 }, { 0x40, 0x33, 0x53 }, { 0x24, 0x22, 0x34 }, { 0x22, 0x1c, 0x1a },
    { 0x32, 0x2b, 0x28 }, { 0x71, 0x41, 0x3b }, { 0xbb, 0x75, 0x47 }, { 0xdb, 0xa4, 0x63 },
    { 0xf4, 0xd2, 0x9c }, { 0xda, 0xe0, 0xea }, { 0xb3, 0xb9, 0xd1 }, { 0x8b, 0x93, 0xaf },
    { 0x6d, 0x75, 0x8d }, { 0x4a, 0x54, 0x62 }, { 0x33, 0x39, 0x41 }, { 0x42, 0x24, 0x33 },
    { 0x5b, 0x31, 0x38 }, { 0x8e, 0x52, 0x52 }, { 0xba, 0x75, 0x6a }, { 0xe9, 0xb5, 0xa3 },
    { 0xe3, 0xe6, 0xff }, { 0xb9, 0xbf, 0xfb }, { 0x84, 0x9b, 0xe4 }, { 0x58, 0x8d, 0xbe },
    { 0x47, 0x7d, 0x85 }, { 0x23, 0x67, 0x4e }, { 0x32, 0x84, 0x64 }, { 0x5d, 0xaf, 0x8d },
    { 0x92, 0xdc, 0xba }, { 0xcd, 0xf7, 0xe2 }, { 0xe4, 0xd2, 0xaa }, { 0xc7, 0xb0, 0x8b },
    { 0xa0, 0x86, 0x62 }, { 0x79, 0x67, 0x55 }, { 0x5a, 0x4e, 0x44 }, { 0x42, 0x39, 0x34 },
};

static const PaletteColor palette_aerugo[] = {
    { 0x2f, 0x1e, 0x1a }, { 0x4f, 0x33, 0x22 }, { 0x72, 0x36, 0x27 }, { 0x95, 0x39, 0x2c },
    { 0xc7, 0x55, 0x33 }, { 0xe7, 0x6d, 0x46 }, { 0x93, 0x4e, 0x28 }, { 0xa2, 0x66, 0x3c },
    { 0xc8, 0x7d, 0x40 }, { 0xf5, 0xa9, 0x5b }, { 0x6b, 0x8b, 0x8c }, { 0x81, 0xa3, 0x8e },
    { 0xaa, 0xc3, 0x9e }, { 0xff, 0xff, 0xff }, { 0xd1, 0xd0, 0xce }, { 0xba, 0xb7, 0xb2 },
    { 0x89, 0x8a, 0x8a }, { 0x68, 0x64, 0x61 }, { 0x55, 0x4d, 0x4b }, { 0x3c, 0x3d, 0x3b },
    { 0x34, 0x32, 0x30 }, { 0x87, 0xd1, 0xef }, { 0x64, 0xa1, 0xc2 }, { 0x46, 0x64, 0x80 },
    { 0x2f, 0x48, 0x5c }, { 0x24, 0x2e, 0x35 }, { 0x1b, 0x20, 0x26 }, { 0xaa, 0x9c, 0x8a },
    { 0x91, 0x7f, 0x6d }, { 0x86, 0x62, 0x4a }, { 0x71, 0x5b, 0x48 }, { 0x5e, 0x48, 0x35 },
};

static const PaletteColor palette_apollo[] = {
    { 0x17, 0x20, 0x38 }, { 0x25, 0x3a, 0x5e }, { 0x3c, 0x5e, 0x8b }, { 0x4f, 0x8f, 0xba },
    { 0x73, 0xbe, 0xd3 }, { 0xa4, 0xdd, 0xdb }, { 0x19, 0x33, 0x2d }, { 0x25, 0x56, 0x2e },
    { 0x46, 0x82, 0x32 }, { 0x75, 0xa7, 0x43 }, { 0xa8, 0xca, 0x58 }, { 0xd0, 0xda, 0x91 },
    { 0x4d, 0x2b, 0x32 }, { 0x7a, 0x48, 0x41 }, { 0xad, 0x77, 0x57 }, { 0xc0, 0x94, 0x73 },
    { 0xd7, 0xb5, 0x94 }, { 0xe7, 0xd5, 0xb3 }, { 0x34, 0x1c, 0x27 }, { 0x60, 0x2c, 0x2c },
    { 0x88, 0x4b, 0x2b }, { 0xbe, 0x77, 0x2b }, { 0xde, 0x9e, 0x41 }, { 0xe8, 0xc1, 0x70 },
    { 0x24, 0x15, 0x27 }, { 0x41, 0x1d, 0x31 }, { 0x75, 0x24, 0x38 }, { 0xa5, 0x30, 0x30 },
    { 0xcf, 0x57, 0x3c }, { 0xda, 0x86, 0x3e }, { 0x1e, 0x1d, 0x39 }, { 0x40, 0x27, 0x51 },
    { 0x7a, 0x36, 0x7b }, { 0xa2, 0x3e, 0x8c }, { 0xc6, 0x51, 0x97 }, { 0xdf, 0x84, 0xa5 },
    { 0x09, 0x0a, 0x14 }, { 0x10, 0x14, 0x1f }, { 0x15, 0x1d, 0x28 }, { 0x20, 0x2e, 0x37 },
    { 0x39, 0x4a, 0x50 }, { 0x57, 0x72, 0x77 }, { 0x81, 0x97, 0x96 }, { 0xa8, 0xb5, 0xb2 },
    { 0xc7, 0xcf, 0xcc }, { 0xeb, 0xed, 0xe9 },
};

static const PaletteColor palette_blk_neo[] = {
    { 0x00, 0x00, 0x00 }, { 0x12, 0x17, 0x3d }, { 0x29, 0x32, 0x68 }, { 0x46, 0x4b, 0x8c },
    { 0x6b, 0x74, 0xb2 }, { 0x90, 0x9e, 0xdd }, { 0xc1, 0xd9, 0xf2 }, { 0xff, 0xff, 0xff },
    { 0xff, 0xcc, 0xd0 }, { 0xf2, 0x9f, 0xaa }, { 0xc3, 0x72, 0x89 }, { 0x99, 0x4c, 0x69 },
    { 0x72, 0x33, 0x52 }, { 0x3f, 0x1f, 0x3c }, { 0xb2, 0x2e, 0x69 }, { 0xe5, 0x42, 0x86 },
    { 0xff, 0x6e, 0xaf }, { 0xff, 0xa5, 0xd5 }, { 0x8c, 0xff, 0x9b }, { 0x42, 0xbc, 0x7f },
    { 0x22, 0x89, 0x6e }, { 0x14, 0x66, 0x5b }, { 0x0f, 0x4a, 0x4c }, { 0x0a, 0x2a, 0x33 },
    { 0x1d, 0x1a, 0x59 }, { 0x32, 0x2d, 0x89 }, { 0x35, 0x4a, 0xb2 }, { 0x3e, 0x83, 0xd1 },
    { 0x50, 0xb9, 0xeb }, { 0x8c, 0xda, 0xff }, { 0xb4, 0x83, 0xef }, { 0x85, 0x4c, 0xbf },
    { 0x5d, 0x2f, 0x8c }, { 0x43, 0x1e, 0x66 }, { 0xff, 0xe0, 0x91 }, { 0xff, 0xaa, 0x6e },
    { 0xff, 0x69, 0x5a }, { 0xb2, 0x3c, 0x40 }, { 0x72, 0x1c, 0x2f }, { 0xa5, 0x26, 0x39 },
    { 0xdd, 0x37, 0x45 }, { 0xff, 0x66, 0x75 }, { 0x78, 0xfa, 0xe6 }, { 0x27, 0xd3, 0xcb },
    { 0x00, 0xaa, 0xa5 }, { 0x00, 0x87, 0x82 },
};

static const PaletteColor palette_calm_sunset[] = {
    { 0x68, 0x49, 0x71 }, { 0xa0, 0x63, 0x89 }, { 0xcb, 0x7c, 0xa2 }, { 0xe1, 0xae, 0xa4 },
    { 0xf9, 0xd8, 0xa1 }, { 0xff, 0xec, 0xb2 }, { 0xff, 0xfc, 0xf1 },
};

static const PaletteColor palette_carnival_32[] = {
    { 0x4d, 0x22, 0x35 }, { 0x71, 0x28, 0x2a }, { 0x97, 0x56, 0x38 }, { 0xd0, 0x76, 0x3e },
    { 0xeb, 0xac, 0x4d }, { 0xf2, 0xd0, 0x8d }, { 0xdd, 0xac, 0x88 }, { 0xc6, 0x8d, 0x80 },
    { 0xaf, 0x6d, 0x77 }, { 0xc7, 0x44, 0x46 }, { 0x9f, 0x38, 0x47 }, { 0x6e, 0x40, 0x6d },
    { 0xa7, 0xa7, 0x58 }, { 0x71, 0x81, 0x41 }, { 0x49, 0x65, 0x41 }, { 0x37, 0x43, 0x3b },
    { 0x2a, 0x1c, 0x31 }, { 0x42, 0x31, 0x57 }, { 0x4d, 0x52, 0x8a }, { 0x55, 0x6a, 0x97 },
    { 0x5c, 0x81, 0xa3 }, { 0x7d, 0xad, 0xc8 }, { 0xb0, 0xd6, 0xd9 }, { 0xec, 0xe6, 0xdf },
    { 0xcf, 0xcc, 0xca }, { 0xa6, 0xa6, 0xa6 }, { 0x78, 0x78, 0x78 }, { 0x62, 0x62, 0x62 },
    { 0x4a, 0x4a, 0x4a }, { 0x36, 0x36, 0x36 }, { 0x61, 0x8c, 0x70 }, { 0x8b, 0x74, 0x63 },
};

static const PaletteColor palette_cc_29[] = {
    { 0xf2, 0xf0, 0xe5 }, { 0xb8, 0xb5, 0xb9 }, { 0x86, 0x81, 0x88 }, { 0x64, 0x63, 0x65 },
    { 0x45, 0x44, 0x4f }, { 0x3a, 0x38, 0x58 }, { 0x21, 0x21, 0x23 }, { 0x35, 0x2b, 0x42 },
    { 0x43, 0x43, 0x6a }, { 0x4b, 0x80, 0xca }, { 0x68, 0xc2, 0xd3 }, { 0xa2, 0xdc, 0xc7 },
    { 0xed, 0xe1, 0x9e }, { 0xd3, 0xa0, 0x68 }, { 0xb4, 0x52, 0x52 }, { 0x6a, 0x53, 0x6e },
    { 0x4b, 0x41, 0x58 }, { 0x80, 0x49, 0x3a }, { 0xa7, 0x7b, 0x5b }, { 0xe5, 0xce, 0xb4 },
    { 0xc2, 0xd3, 0x68 }, { 0x8a, 0xb0, 0x60 }, { 0x56, 0x7b, 0x79 }, { 0x4e, 0x58, 0x4a },
    { 0x7b, 0x72, 0x43 }, { 0xb2, 0xb4, 0x7e }, { 0xed, 0xc8, 0xc4 }, { 0xcf, 0x8a, 0xcb },
    { 0x5f, 0x55, 0x6a },
};

static const PaletteColor palette_cga_palette_1_high[] = {
    { 0x00, 0x00, 0x00 }, { 0xff, 0x55, 0xff }, { 0x55, 0xff, 0xff }, { 0xff, 0xff, 0xff },
};

static const PaletteColor palette_cling[] = {
    { 0xff, 0xe6, 0x17 }, { 0xfa, 0xd3, 0x1c }, { 0xfd, 0xb7, 0x17 }, { 0xfa, 0xaa, 0x21 },
    { 0xf1, 0x75, 0x3f }, { 0xed, 0x57, 0x24 }, { 0xef, 0x45, 0x38 }, { 0xea, 0x28, 0x30 },
    { 0xbc, 0x23, 0x26 }, { 0x8c, 0x0c, 0x03 }, { 0xe5, 0x18, 0x5d }, { 0xf3, 0x84, 0xae },
    { 0xfa, 0xc6, 0xd2 }, { 0xb2, 0x96, 0xc7 }, { 0x7b, 0x67, 0xae }, { 0x5f, 0x35, 0x77 },
    { 0xc1, 0xd1, 0x8a }, { 0x79, 0x91, 0x55 }, { 0x80, 0xbc, 0x42 }, { 0x4a, 0xa0, 0x3f },
    { 0x16, 0x88, 0x4a }, { 0x00, 0x3f, 0x2e }, { 0xc3, 0xde, 0xf1 }, { 0x55, 0xbe, 0xed },
    { 0x31, 0xa8, 0xe0 }, { 0x23, 0x8a, 0xcc }, { 0x0d, 0x60, 0xae }, { 0x14, 0x3b, 0x86 },
    { 0x00, 0x1b, 0x4a }, { 0x7d, 0xcd, 0xc2 }, { 0x00, 0xa8, 0xa8 }, { 0x12, 0x95, 0x9f },
    { 0x09, 0x4e, 0x54 }, { 0x38, 0x1e, 0x11 }, { 0xc0, 0x5c, 0x20 }, { 0xbf, 0x9b, 0x6b },
    { 0xe9, 0xd4, 0xa7 }, { 0xe7, 0xe6, 0xe1 }, { 0xcf, 0xd0, 0xd2 }, { 0x8a, 0x8b, 0x8f },
    { 0x77, 0x85, 0x90 }, { 0x47, 0x4d, 0x4d }, { 0x05, 0x06, 0x08 }, { 0xff, 0xff, 0xff },
};

static const PaletteColor palette_cloudy_28[] = {
    { 0xda, 0xdd, 0xee }, { 0xb6, 0xcd, 0xe3 }, { 0x92, 0xbb, 0xcd }, { 0x6b, 0xa9, 0xb4 },
    { 0x51, 0x88, 0x7c }, { 0x66, 0xa9, 0x6d }, { 0xa6, 0xc8, 0x7b }, { 0xd9, 0xe6, 0x8f },
    { 0xec, 0xaa, 0x6d }, { 0xd5, 0x62, 0x47 }, { 0xa4, 0x3c, 0x3c }, { 0x59, 0x16, 0x0e },
    { 0x77, 0x3c, 0x35 }, { 0x9e, 0x62, 0x57 }, { 0xd3, 0x84, 0x7a }, { 0xdb, 0x96, 0xad },
    { 0xc2, 0x77, 0xa3 }, { 0x9b, 0x5d, 0x99 }, { 0x62, 0x41, 0x7d }, { 0x0c, 0x0f, 0x32 },
    { 0x25, 0x2a, 0x6f }, { 0x34, 0x53, 0x9e }, { 0x45, 0x7b, 0xb4 }, { 0x68, 0xa5, 0xd5 },
    { 0x92, 0xca, 0xde }, { 0x97, 0xa6, 0xb7 }, { 0x7b, 0x8a, 0xa4 }, { 0x5a, 0x66, 0x85 },
};

static const PaletteColor palette_color_graphics_adapter[] = {
    { 0x00, 0x00, 0x00 }, { 0x55, 0x55, 0x55 }, { 0xaa, 0xaa, 0xaa }, { 0xff, 0xff, 0xff },
    { 0x00, 0x00, 0xaa }, { 0x55, 0x55, 0xff }, { 0x00, 0xaa, 0x00 }, { 0x55, 0xff, 0x55 },
    { 0x00, 0xaa, 0xaa }, { 0x55, 0xff, 0xff }, { 0xaa, 0x00, 0x00 }, { 0xff, 0x55, 0x55 },
    { 0xaa, 0x00, 0xaa }, { 0xff, 0x55, 0xff }, { 0xaa, 0x55, 0x00 }, { 0xff, 0xff, 0x55 },
};

static const PaletteColor palette_colordome_32[] = {
    { 0x0d, 0x0b, 0x0d }, { 0xff, 0xf8, 0xe1 }, { 0xc8, 0xb8, 0x9f }, { 0x98, 0x7a, 0x68 },
    { 0x67, 0x49, 0x49 }, { 0x3a, 0x39, 0x41 }, { 0x6b, 0x6f, 0x72 }, { 0xad, 0xb9, 0xb8 },
    { 0xad, 0xd9, 0xb7 }, { 0x6e, 0xb3, 0x9d }, { 0x30, 0x55, 0x5b }, { 0x1a, 0x1e, 0x2d },
    { 0x28, 0x4e, 0x43 }, { 0x46, 0x7e, 0x3e }, { 0x93, 0xab, 0x52 }, { 0xf2, 0xcf, 0x5c },
    { 0xec, 0x77, 0x3d }, { 0xb8, 0x35, 0x30 }, { 0x72, 0x20, 0x30 }, { 0x28, 0x17, 0x21 },
    { 0x6d, 0x29, 0x44 }, { 0xc8, 0x52, 0x57 }, { 0xec, 0x99, 0x83 }, { 0xdb, 0xaf, 0x77 },
    { 0xb7, 0x78, 0x54 }, { 0x83, 0x3e, 0x35 }, { 0x50, 0x28, 0x2f }, { 0x65, 0x43, 0x2f },
    { 0x7e, 0x6d, 0x37 }, { 0x6e, 0xbe, 0x70 }, { 0xb7, 0x58, 0x34 }, { 0xd5, 0x5c, 0x4d },
};

static const PaletteColor palette_comicscapes_50[] = {
    { 0x8e, 0xc5, 0xb5 }, { 0x70, 0xad, 0xa4 }, { 0x5b, 0x9a, 0x9a }, { 0x4d, 0x7d, 0x8d },
    { 0x36, 0x54, 0x71 }, { 0x2a, 0x42, 0x68 }, { 0x19, 0x24, 0x49 }, { 0x15, 0x0d, 0x37 },
    { 0x14, 0x07, 0x26 }, { 0x0c, 0x16, 0x34 }, { 0x10, 0x2d, 0x40 }, { 0x16, 0x44, 0x4d },
    { 0x1f, 0x60, 0x5e }, { 0x2e, 0x81, 0x72 }, { 0x40, 0x9e, 0x74 }, { 0x62, 0xbb, 0x7d },
    { 0x79, 0xcd, 0x7a }, { 0x24, 0x0d, 0x39 }, { 0x38, 0x15, 0x4e }, { 0x55, 0x1e, 0x66 },
    { 0x71, 0x2d, 0x7a }, { 0x92, 0x42, 0x8f }, { 0xad, 0x60, 0x8f }, { 0x92, 0xb5, 0xb8 },
    { 0x86, 0x9d, 0xa2 }, { 0x79, 0x87, 0x8e }, { 0x67, 0x6c, 0x78 }, { 0x59, 0x59, 0x66 },
    { 0x47, 0x44, 0x4e }, { 0x3f, 0x3a, 0x43 }, { 0x36, 0x2f, 0x37 }, { 0x2a, 0x23, 0x28 },
    { 0x0e, 0x02, 0x0a }, { 0x34, 0x0f, 0x21 }, { 0x4e, 0x1f, 0x32 }, { 0x74, 0x34, 0x44 },
    { 0x8c, 0x45, 0x4e }, { 0xa2, 0x59, 0x59 }, { 0xb3, 0x73, 0x6a }, { 0xc6, 0x95, 0x80 },
    { 0xd2, 0xae, 0x91 }, { 0xe5, 0xcc, 0xab }, { 0xf2, 0xe9, 0xcd }, { 0xf2, 0xdf, 0xa7 },
    { 0xdf, 0xb6, 0x84 }, { 0xd2, 0x95, 0x67 }, { 0xbf, 0x6e, 0x50 }, { 0xb2, 0x4e, 0x3d },
    { 0xa4, 0x30, 0x45 }, { 0x95, 0x24, 0x52 },
};

static const PaletteColor palette_crimson[] = {
    { 0xef, 0xf9, 0xd6 }, { 0xba, 0x50, 0x44 }, { 0x7a, 0x1c, 0x4b }, { 0x1b, 0x03, 0x26 },
};

static const PaletteColor palette_cryptic_ocean[] = {
    { 0x2a, 0x17, 0x3b }, { 0x3f, 0x2c, 0x5f }, { 0x44, 0x3f, 0x7b }, { 0x4c, 0x5c, 0x87 },
    { 0x69, 0x80, 0x9e }, { 0x95, 0xc5, 0xac },
};

static const PaletteColor palette_darkvania[] = {
    { 0x12, 0x0e, 0x2f }, { 0x1b, 0x1b, 0x52 }, { 0x29, 0x33, 0x77 }, { 0x56, 0x70, 0xc2 },
    { 0xcf, 0xe8, 0xff }, { 0xaa, 0xbf, 0xe0 }, { 0x9b, 0x9e, 0xd2 }, { 0x4d, 0x3c, 0x66 },
    { 0x1d, 0x10, 0x23 }, { 0x38, 0x17, 0x3c }, { 0x4e, 0x0b, 0x3c }, { 0x66, 0x12, 0x3b },
    { 0xad, 0x45, 0x57 }, { 0xc9, 0x75, 0x7e }, { 0xeb, 0xb1, 0xae }, { 0xff, 0xdc, 0xd6 },
    { 0xec, 0xb7, 0x8c }, { 0xcb, 0x93, 0x67 }, { 0xb8, 0x81, 0x4f }, { 0x77, 0x49, 0x1e },
    { 0x57, 0x2b, 0x16 }, { 0x36, 0x0c, 0x01 }, { 0x7b, 0x2f, 0x11 }, { 0xd6, 0x76, 0x1c },
    { 0xf6, 0x9d, 0x18 }, { 0xff, 0xd2, 0x1c }, { 0xc7, 0xfb, 0xa1 }, { 0x7e, 0xc1, 0x77 },
    { 0x51, 0x9a, 0x57 }, { 0x33, 0x69, 0x4a }, { 0x26, 0x54, 0x48 }, { 0x10, 0x2f, 0x2e },
};

static const PaletteColor palette_daydream_20[] = {
    { 0x43, 0x0f, 0x43 }, { 0x47, 0x25, 0x61 }, { 0x20, 0x59, 0x73 }, { 0x24, 0x80, 0x77 },
    { 0x2d, 0x9a, 0x77 }, { 0x5e, 0xc6, 0x88 }, { 0xaa, 0xe6, 0x8f }, { 0x64, 0x15, 0x4d },
    { 0x8e, 0x18, 0x4b }, { 0xba, 0x31, 0x55 }, { 0xd9, 0x50, 0x5e }, { 0xe3, 0x74, 0x4f },
    { 0xf2, 0x9e, 0x64 }, { 0xff, 0xc4, 0x77 }, { 0xff, 0xdd, 0x96 }, { 0xff, 0xf4, 0xb0 },
    { 0xc2, 0x2e, 0x35 }, { 0xd2, 0x4f, 0x38 }, { 0xdf, 0x69, 0x39 }, { 0xed, 0x9b, 0x4a },
};

static const PaletteColor palette_dreamscape8[] = {
    { 0xc9, 0xcc, 0xa1 }, { 0xca, 0xa0, 0x5a }, { 0xae, 0x6a, 0x47 }, { 0x8b, 0x40, 0x49 },
    { 0x54, 0x33, 0x44 }, { 0x51, 0x52, 0x62 }, { 0x63, 0x78, 0x7d }, { 0x8e, 0xa0, 0x91 },
};

static const PaletteColor palette_ega_com_extended[] = {
    { 0x29, 0x29, 0x29 }, { 0x52, 0x57, 0x5c }, { 0x94, 0x99, 0x9e }, { 0xde, 0xee, 0xdc },
    { 0x7b, 0x2d, 0x2f }, { 0xd0, 0x40, 0x43 }, { 0xcb, 0x8f, 0x21 }, { 0xe6, 0xc4, 0x39 },
    { 0x6c, 0x4b, 0x37 }, { 0x8c, 0x69, 0x46 }, { 0x53, 0x8a, 0x6a }, { 0x63, 0xb4, 0x65 },
    { 0x2c, 0x42, 0x67 }, { 0x38, 0x66, 0x8b }, { 0x77, 0x57, 0x80 }, { 0xf4, 0xa6, 0x6c },
    { 0x57, 0x6e, 0x54 }, { 0x82, 0xe8, 0xe8 }, { 0x9d, 0x44, 0x6a }, { 0xeb, 0x72, 0x72 },
};

static const PaletteColor palette_eggdealer6[] = {
    { 0x47, 0x32, 0x3b }, { 0x5c, 0x46, 0x57 }, { 0x73, 0x5a, 0x55 }, { 0xb0, 0x76, 0x4f },
    { 0xba, 0xac, 0x81 }, { 0xe9, 0xd7, 0x9d },
};

static const PaletteColor palette_endesga_32[] = {
    { 0xbe, 0x4a, 0x2f }, { 0xd7, 0x76, 0x43 }, { 0xea, 0xd4, 0xaa }, { 0xe4, 0xa6, 0x72 },
    { 0xb8, 0x6f, 0x50 }, { 0x73, 0x3e, 0x39 }, { 0x3e, 0x27, 0x31 }, { 0xa2, 0x26, 0x33 },
    { 0xe4, 0x3b, 0x44 }, { 0xf7, 0x76, 0x22 }, { 0xfe, 0xae, 0x34 }, { 0xfe, 0xe7, 0x61 },
    { 0x63, 0xc7, 0x4d }, { 0x3e, 0x89, 0x48 }, { 0x26, 0x5c, 0x42 }, { 0x19, 0x3c, 0x3e },
    { 0x12, 0x4e, 0x89 }, { 0x00, 0x99, 0xdb }, { 0x2c, 0xe8, 0xf5 }, { 0xff, 0xff, 0xff },
    { 0xc0, 0xcb, 0xdc }, { 0x8b, 0x9b, 0xb4 }, { 0x5a, 0x69, 0x88 }, { 0x3a, 0x44, 0x66 },
    { 0x26, 0x2b, 0x44 }, { 0x18, 0x14, 0x25 }, { 0xff, 0x00, 0x44 }, { 0x68, 0x38, 0x6c },
    { 0xb5, 0x50, 0x88 }, { 0xf6, 0x75, 0x7a }, { 0xe8, 0xb7, 0x96 }, { 0xc2, 0x85, 0x69 },
};

static const PaletteColor palette_endesga_64[] = {
    { 0xff, 0x00, 0x40 }, { 0x13, 0x13, 0x13 }, { 0x1b, 0x1b, 0x1b }, { 0x27, 0x27, 0x27 },
    { 0x3d, 0x3d, 0x3d }, { 0x5d, 0x5d, 0x5d }, { 0x85, 0x85, 0x85 }, { 0xb4, 0xb4, 0xb4 },
    { 0xff, 0xff, 0xff }, { 0xc7, 0xcf, 0xdd }, { 0x92, 0xa1, 0xb9 }, { 0x65, 0x73, 0x92 },
    { 0x42, 0x4c, 0x6e }, { 0x2a, 0x2f, 0x4e }, { 0x1a, 0x19, 0x32 }, { 0x0e, 0x07, 0x1b },
    { 0x1c, 0x12, 0x1c }, { 0x39, 0x1f, 0x21 }, { 0x5d, 0x2c, 0x28 }, { 0x8a, 0x48, 0x36 },
    { 0xbf, 0x6f, 0x4a }, { 0xe6, 0x9c, 0x69 }, { 0xf6, 0xca, 0x9f }, { 0xf9, 0xe6, 0xcf },
    { 0xed, 0xab, 0x50 }, { 0xe0, 0x74, 0x38 }, { 0xc6, 0x45, 0x24 }, { 0x8e, 0x25, 0x1d },
    { 0xff, 0x50, 0x00 }, { 0xed, 0x76, 0x14 }, { 0xff, 0xa2, 0x14 }, { 0xff, 0xc8, 0x25 },
    { 0xff, 0xeb, 0x57 }, { 0xd3, 0xfc, 0x7e }, { 0x99, 0xe6, 0x5f }, { 0x5a, 0xc5, 0x4f },
    { 0x33, 0x98, 0x4b }, { 0x1e, 0x6f, 0x50 }, { 0x13, 0x4c, 0x4c }, { 0x0c, 0x2e, 0x44 },
    { 0x00, 0x39, 0x6d }, { 0x00, 0x69, 0xaa }, { 0x00, 0x98, 0xdc }, { 0x00, 0xcd, 0xf9 },
    { 0x0c, 0xf1, 0xff }, { 0x94, 0xfd, 0xff }, { 0xfd, 0xd2, 0xed }, { 0xf3, 0x89, 0xf5 },
    { 0xdb, 0x3f, 0xfd }, { 0x7a, 0x09, 0xfa }, { 0x30, 0x03, 0xd9 }, { 0x0c, 0x02, 0x93 },
    { 0x03, 0x19, 0x3f }, { 0x3b, 0x14, 0x43 }, { 0x62, 0x24, 0x61 }, { 0x93, 0x38, 0x8f },
    { 0xca, 0x52, 0xc9 }, { 0xc8, 0x50, 0x86 }, { 0xf6, 0x81, 0x87 }, { 0xf5, 0x55, 0x5d },
    { 0xea, 0x32, 0x3c }, { 0xc4, 0x24, 0x30 }, { 0x89, 0x1e, 0x2b }, { 0x57, 0x1c, 0x27 },
};

static const PaletteColor palette_eroge_copper[] = {
    { 0x0d, 0x08, 0x0d }, { 0x4f, 0x2b, 0x24 }, { 0x82, 0x5b, 0x31 }, { 0xc5, 0x91, 0x54 },
    { 0xf0, 0xbd, 0x77 }, { 0xfb, 0xdf, 0x9b }, { 0xff, 0xf9, 0xe4 }, { 0xbe, 0xbb, 0xb2 },
    { 0x7b, 0xb2, 0x4e }, { 0x74, 0xad, 0xbb }, { 0x41, 0x80, 0xa0 }, { 0x32, 0x53, 0x5f },
    { 0x2a, 0x23, 0x49 }, { 0x7d, 0x38, 0x40 }, { 0xc1, 0x6c, 0x5b }, { 0xe8, 0x99, 0x73 },
};

static const PaletteColor palette_famicube[] = {
    { 0x00, 0x00, 0x00 }, { 0xe0, 0x3c, 0x28 }, { 0xff, 0xff, 0xff }, { 0xd7, 0xd7, 0xd7 },
    { 0xa8, 0xa8, 0xa8 }, { 0x7b, 0x7b, 0x7b }, { 0x34, 0x34, 0x34 }, { 0x15, 0x15, 0x15 },
    { 0x0d, 0x20, 0x30 }, { 0x41, 0x5d, 0x66 }, { 0x71, 0xa6, 0xa1 }, { 0xbd, 0xff, 0xca },
    { 0x25, 0xe2, 0xcd }, { 0x0a, 0x98, 0xac }, { 0x00, 0x52, 0x80 }, { 0x00, 0x60, 0x4b },
    { 0x20, 0xb5, 0x62 }, { 0x58, 0xd3, 0x32 }, { 0x13, 0x9d, 0x08 }, { 0x00, 0x4e, 0x00 },
    { 0x17, 0x28, 0x08 }, { 0x37, 0x6d, 0x03 }, { 0x6a, 0xb4, 0x17 }, { 0x8c, 0xd6, 0x12 },
    { 0xbe, 0xeb, 0x71 }, { 0xee, 0xff, 0xa9 }, { 0xb6, 0xc1, 0x21 }, { 0x93, 0x97, 0x17 },
    { 0xcc, 0x8f, 0x15 }, { 0xff, 0xbb, 0x31 }, { 0xff, 0xe7, 0x37 }, { 0xf6, 0x8f, 0x37 },
    { 0xad, 0x4e, 0x1a }, { 0x23, 0x17, 0x12 }, { 0x5c, 0x3c, 0x0d }, { 0xae, 0x6c, 0x37 },
    { 0xc5, 0x97, 0x82 }, { 0xe2, 0xd7, 0xb5 }, { 0x4f, 0x15, 0x07 }, { 0x82, 0x3c, 0x3d },
    { 0xda, 0x65, 0x5e }, { 0xe1, 0x82, 0x89 }, { 0xf5, 0xb7, 0x84 }, { 0xff, 0xe9, 0xc5 },
    { 0xff, 0x82, 0xce }, { 0xcf, 0x3c, 0x71 }, { 0x87, 0x16, 0x46 }, { 0xa3, 0x28, 0xb3 },
    { 0xcc, 0x69, 0xe4 }, { 0xd5, 0x9c, 0xfc }, { 0xfe, 0xc9, 0xed }, { 0xe2, 0xc9, 0xff },
    { 0xa6, 0x75, 0xfe }, { 0x6a, 0x31, 0xca }, { 0x5a, 0x19, 0x91 }, { 0x21, 0x16, 0x40 },
    { 0x3d, 0x34, 0xa5 }, { 0x62, 0x64, 0xdc }, { 0x9b, 0xa0, 0xef }, { 0x98, 0xdc, 0xff },
    { 0x5b, 0xa8, 0xff }, { 0x0a, 0x89, 0xff }, { 0x02, 0x4a, 0xca }, { 0x00, 0x17, 0x7d },
};

static const PaletteColor palette_fantasy_24[] = {
    { 0x1f, 0x24, 0x0a }, { 0x39, 0x57, 0x1c }, { 0xa5, 0x8c, 0x27 }, { 0xef, 0xac, 0x28 },
    { 0xef, 0xd8, 0xa1 }, { 0xab, 0x5c, 0x1c }, { 0x18, 0x3f, 0x39 }, { 0xef, 0x69, 0x2f },
    { 0xef, 0xb7, 0x75 }, { 0xa5, 0x62, 0x43 }, { 0x77, 0x34, 0x21 }, { 0x72, 0x41, 0x13 },
    { 0x2a, 0x1d, 0x0d }, { 0x39, 0x2a, 0x1c }, { 0x68, 0x4c, 0x3c }, { 0x92, 0x7e, 0x6a },
    { 0x27, 0x64, 0x68 }, { 0xef, 0x3a, 0x0c }, { 0x45, 0x23, 0x0d }, { 0x3c, 0x9f, 0x9c },
    { 0x9b, 0x1a, 0x0a }, { 0x36, 0x17, 0x0c }, { 0x55, 0x0f, 0x0a }, { 0x30, 0x0f, 0x0a },
};

static const PaletteColor palette_faraway48[] = {
    { 0x0d, 0x07, 0x09 }, { 0x22, 0x09, 0x15 }, { 0x3d, 0x05, 0x18 }, { 0xad, 0x18, 0x18 },
    { 0xd9, 0x4f, 0x0c }, { 0xff, 0x98, 0x0e }, { 0xff, 0xf9, 0x59 }, { 0xd6, 0xf6, 0x68 },
    { 0x8f, 0xfa, 0x37 }, { 0x16, 0x9e, 0x26 }, { 0x1c, 0x5d, 0x2a }, { 0x0d, 0x38, 0x22 },
    { 0x0d, 0x1d, 0x1f }, { 0x00, 0x19, 0x1f }, { 0x00, 0x31, 0x38 }, { 0x00, 0x64, 0x57 },
    { 0x00, 0x8d, 0x6d }, { 0x08, 0xc4, 0x9f }, { 0x59, 0xdf, 0xb0 }, { 0xaa, 0xe8, 0xca },
    { 0x45, 0xc5, 0xd9 }, { 0x25, 0x95, 0xcf }, { 0x02, 0x59, 0x99 }, { 0x19, 0x3a, 0x91 },
    { 0x10, 0x14, 0x38 }, { 0x09, 0x0d, 0x19 }, { 0x15, 0x15, 0x38 }, { 0x2e, 0x26, 0x4d },
    { 0x56, 0x2e, 0x73 }, { 0xa0, 0x3a, 0x9e }, { 0xc8, 0x65, 0x8f }, { 0xed, 0xaf, 0xb9 },
    { 0xf7, 0xc8, 0xd9 }, { 0xf7, 0xf3, 0xce }, { 0xf1, 0xe4, 0xaf }, { 0xe7, 0xcc, 0x93 },
    { 0xd1, 0x9e, 0x71 }, { 0x9e, 0x6d, 0x4f }, { 0x73, 0x32, 0x2e }, { 0x4d, 0x26, 0x30 },
    { 0x24, 0x17, 0x20 }, { 0x1c, 0x12, 0x16 }, { 0x10, 0x11, 0x12 }, { 0x20, 0x22, 0x23 },
    { 0x58, 0x61, 0x62 }, { 0xa9, 0xb0, 0xb0 }, { 0xd2, 0xd6, 0xd7 }, { 0xf1, 0xf2, 0xf1 },
};

static const PaletteColor palette_fleja_master_palette[] = {
    { 0x1f, 0x18, 0x33 }, { 0x2b, 0x2e, 0x42 }, { 0x41, 0x48, 0x59 }, { 0x68, 0x71, 0x7a },
    { 0x90, 0xa1, 0xa8 }, { 0xb6, 0xcb, 0xcf }, { 0xff, 0xff, 0xff }, { 0xfc, 0xbf, 0x8a },
    { 0xb5, 0x80, 0x57 }, { 0x8a, 0x50, 0x3e }, { 0x5c, 0x3a, 0x41 }, { 0xc9, 0x30, 0x38 },
    { 0xde, 0x6a, 0x38 }, { 0xff, 0xad, 0x3b }, { 0xff, 0xe5, 0x96 }, { 0xfc, 0xf9, 0x60 },
    { 0xb4, 0xd6, 0x45 }, { 0x51, 0xc4, 0x3f }, { 0x30, 0x9c, 0x63 }, { 0x23, 0x6d, 0x7a },
    { 0x26, 0x4f, 0x6e }, { 0x23, 0x36, 0x63 }, { 0x41, 0x72, 0x91 }, { 0x4c, 0x93, 0xad },
    { 0x63, 0xc2, 0xc9 }, { 0x94, 0xd2, 0xd4 }, { 0xb8, 0xfd, 0xff }, { 0x3c, 0x29, 0x40 },
    { 0x46, 0x27, 0x5c }, { 0x82, 0x64, 0x81 }, { 0xf7, 0xa4, 0x8b }, { 0xc2, 0x71, 0x82 },
    { 0x85, 0x2d, 0x66 },
};

static const PaletteColor palette_florentine24[] = {
    { 0x17, 0x51, 0x45 }, { 0x2e, 0x80, 0x65 }, { 0x51, 0xb3, 0x41 }, { 0x9b, 0xd5, 0x47 },
    { 0xff, 0xf9, 0x71 }, { 0xff, 0x7f, 0x4f }, { 0xff, 0x4f, 0x4f }, { 0xee, 0x30, 0x46 },
    { 0xdf, 0x42, 0x6e }, { 0xa6, 0x26, 0x54 }, { 0x62, 0x1b, 0x52 }, { 0x37, 0x18, 0x48 },
    { 0x0c, 0x08, 0x2a }, { 0x26, 0x11, 0x52 }, { 0x27, 0x25, 0x73 }, { 0x48, 0x76, 0xbb },
    { 0x7f, 0xd3, 0xe6 }, { 0xc7, 0xf7, 0xf2 }, { 0xff, 0xff, 0xff }, { 0xd2, 0x9c, 0x8a },
    { 0x9e, 0x4d, 0x4d }, { 0x71, 0x28, 0x35 }, { 0x5d, 0x18, 0x35 }, { 0x35, 0x08, 0x2a },
};

static const PaletteColor palette_funny31[] = {
    { 0x18, 0x0a, 0x24 }, { 0x3b, 0x35, 0x42 }, { 0x56, 0x54, 0x66 }, { 0x75, 0x77, 0x85 },
    { 0x92, 0x9c, 0xa3 }, { 0xbd, 0xc4, 0xc9 }, { 0xff, 0xf8, 0xf0 }, { 0xeb, 0xd2, 0xa7 },
    { 0xe6, 0xad, 0x87 }, { 0xd9, 0x73, 0x68 }, { 0xc9, 0x45, 0x56 }, { 0xa1, 0x27, 0x58 },
    { 0x70, 0x16, 0x64 }, { 0x94, 0x35, 0x7b }, { 0xb0, 0x56, 0x74 }, { 0xc2, 0x80, 0x8b },
    { 0xd6, 0xa9, 0xa9 }, { 0xb3, 0x72, 0x54 }, { 0x9e, 0x55, 0x42 }, { 0x78, 0x38, 0x38 },
    { 0x52, 0x1e, 0x2f }, { 0x10, 0x16, 0x57 }, { 0x26, 0x39, 0x73 }, { 0x38, 0x53, 0x82 },
    { 0x28, 0x6c, 0x78 }, { 0x4b, 0x79, 0x8f }, { 0x64, 0x9d, 0xa1 }, { 0xbb, 0xc4, 0x99 },
    { 0x89, 0xa6, 0x6d }, { 0x50, 0x99, 0x50 }, { 0x39, 0x82, 0x5b },
};

static const PaletteColor palette_galaxy_flame[] = {
    { 0x69, 0x9f, 0xad }, { 0x3a, 0x70, 0x8e }, { 0x2b, 0x45, 0x4f }, { 0x11, 0x12, 0x15 },
    { 0x15, 0x1d, 0x1a }, { 0x1d, 0x32, 0x30 }, { 0x31, 0x4e, 0x3f }, { 0x4f, 0x5d, 0x42 },
    { 0x9a, 0x9f, 0x87 }, { 0xed, 0xe6, 0xcb }, { 0xf5, 0xd8, 0x93 }, { 0xe8, 0xb2, 0x6f },
    { 0xb6, 0x83, 0x4c }, { 0x70, 0x4d, 0x2b }, { 0x40, 0x23, 0x1e }, { 0x15, 0x10, 0x15 },
};

static const PaletteColor palette_gob_48[] = {
    { 0x00, 0x00, 0x00 }, { 0x14, 0x0f, 0x24 }, { 0x22, 0x1f, 0x3e }, { 0x34, 0x31, 0x5b },
    { 0x3b, 0x48, 0x6d }, { 0x4c, 0x65, 0x89 }, { 0x60, 0x83, 0x9c }, { 0x7a, 0xa2, 0xb0 },
    { 0x9c, 0xbb, 0xc1 }, { 0xc0, 0xda, 0xdc }, { 0xff, 0xff, 0xff }, { 0xaa, 0xf8, 0xff },
    { 0x75, 0xd1, 0xe4 }, { 0x5a, 0xa6, 0xbf }, { 0x5a, 0x8c, 0xb0 }, { 0x48, 0x3b, 0x6d },
    { 0x66, 0x40, 0x8d }, { 0x96, 0x4f, 0xad }, { 0xc2, 0x6c, 0xc9 }, { 0xe0, 0x89, 0xe0 },
    { 0xff, 0xc3, 0xf0 }, { 0x20, 0x30, 0x40 }, { 0x17, 0x46, 0x46 }, { 0x20, 0x64, 0x37 },
    { 0x3a, 0x89, 0x2a }, { 0x5b, 0xb0, 0x31 }, { 0x9b, 0xd3, 0x2c }, { 0xcc, 0xed, 0x27 },
    { 0xff, 0xf1, 0x5e }, { 0xff, 0xce, 0x3b }, { 0xe4, 0x9b, 0x35 }, { 0xcc, 0x70, 0x2f },
    { 0xb1, 0x49, 0x26 }, { 0x95, 0x20, 0x08 }, { 0x76, 0x08, 0x11 }, { 0x49, 0x0a, 0x15 },
    { 0x2e, 0x04, 0x0f }, { 0xa0, 0x0c, 0x0c }, { 0xbe, 0x33, 0x33 }, { 0xd3, 0x58, 0x58 },
    { 0xdd, 0x93, 0x93 }, { 0x58, 0x1d, 0x17 }, { 0x72, 0x31, 0x1b }, { 0x95, 0x4f, 0x2c },
    { 0xa7, 0x6b, 0x3f }, { 0xc1, 0x8c, 0x56 }, { 0xdc, 0xab, 0x7a }, { 0xed, 0xd5, 0xa5 },
};

static const PaletteColor palette_gora63[] = {
    { 0x14, 0x1b, 0x27 }, { 0x1e, 0x27, 0x34 }, { 0x2b, 0x35, 0x45 }, { 0x3a, 0x49, 0x59 },
    { 0x50, 0x62, 0x75 }, { 0x6c, 0x82, 0x94 }, { 0x85, 0x9a, 0xa9 }, { 0xb3, 0xc2, 0xca },
    { 0xda, 0xe1, 0xe5 }, { 0x12, 0x15, 0x32 }, { 0x1b, 0x23, 0x43 }, { 0x20, 0x34, 0x57 },
    { 0x26, 0x4a, 0x71 }, { 0x2d, 0x5b, 0x85 }, { 0x34, 0x83, 0xb0 }, { 0x49, 0xb2, 0xd3 },
    { 0x82, 0xd8, 0xe9 }, { 0xbd, 0xee, 0xf7 }, { 0x14, 0x24, 0x27 }, { 0x1c, 0x30, 0x30 },
    { 0x22, 0x46, 0x35 }, { 0x28, 0x63, 0x45 }, { 0x2a, 0x71, 0x48 }, { 0x2c, 0x9f, 0x4c },
    { 0x68, 0xd1, 0x50 }, { 0xc5, 0xf5, 0x7d }, { 0xe8, 0xfa, 0xb6 }, { 0x2b, 0x14, 0x24 },
    { 0x36, 0x1b, 0x28 }, { 0x4e, 0x2c, 0x32 }, { 0x75, 0x44, 0x42 }, { 0x88, 0x4e, 0x48 },
    { 0x9b, 0x61, 0x4f }, { 0xbb, 0x88, 0x5a }, { 0xdf, 0xbb, 0x89 }, { 0xf0, 0xe0, 0xb8 },
    { 0x30, 0x17, 0x23 }, { 0x3d, 0x1f, 0x28 }, { 0x4d, 0x28, 0x2c }, { 0x6f, 0x3b, 0x31 },
    { 0x8e, 0x4e, 0x30 }, { 0xb4, 0x6a, 0x29 }, { 0xe1, 0x9f, 0x3e }, { 0xf0, 0xc0, 0x69 },
    { 0xf7, 0xe1, 0x98 }, { 0x2c, 0x13, 0x29 }, { 0x36, 0x16, 0x30 }, { 0x52, 0x1e, 0x3a },
    { 0x7b, 0x25, 0x36 }, { 0xa8, 0x37, 0x2d }, { 0xd8, 0x5f, 0x28 }, { 0xf0, 0x8e, 0x39 },
    { 0xfb, 0xc8, 0x5e }, { 0xfc, 0xe8, 0x86 }, { 0x1c, 0x17, 0x29 }, { 0x2a, 0x21, 0x35 },
    { 0x3e, 0x2a, 0x49 }, { 0x65, 0x33, 0x5f }, { 0x9d, 0x3a, 0x78 }, { 0xc6, 0x47, 0x82 },
    { 0xd8, 0x6a, 0x9f }, { 0xe7, 0xa0, 0xb4 }, { 0xf2, 0xcd, 0xce },
};

static const PaletteColor palette_hept32[] = {
    { 0x00, 0x00, 0x00 }, { 0x18, 0x0d, 0x2f }, { 0x35, 0x36, 0x58 }, { 0x68, 0x6b, 0x72 },
    { 0x8b, 0x97, 0xb6 }, { 0xc5, 0xcd, 0xdb }, { 0xff, 0xff, 0xff }, { 0x5e, 0xe9, 0xe9 },
    { 0x28, 0x90, 0xdc }, { 0x18, 0x31, 0xa7 }, { 0x05, 0x32, 0x39 }, { 0x00, 0x5f, 0x41 },
    { 0x08, 0xb2, 0x3b }, { 0x47, 0xf6, 0x41 }, { 0xe8, 0xff, 0x75 }, { 0xfb, 0xbe, 0x82 },
    { 0xde, 0x97, 0x51 }, { 0xb6, 0x68, 0x31 }, { 0x8a, 0x49, 0x26 }, { 0x46, 0x1c, 0x14 },
    { 0x1e, 0x09, 0x0d }, { 0x72, 0x0d, 0x0d }, { 0x81, 0x37, 0x04 }, { 0xda, 0x24, 0x24 },
    { 0xef, 0x6e, 0x10 }, { 0xec, 0xab, 0x11 }, { 0xec, 0xe9, 0x10 }, { 0xf7, 0x8d, 0x8d },
    { 0xf9, 0x4e, 0x6d }, { 0xc1, 0x24, 0x58 }, { 0x84, 0x12, 0x52 }, { 0x3d, 0x08, 0x3b },
};

static const PaletteColor palette_hot_sand_6[] = {
    { 0x3a, 0x00, 0x00 }, { 0x59, 0x00, 0x00 }, { 0x7c, 0x03, 0x00 }, { 0xc0, 0x2b, 0x18 },
    { 0xe0, 0x42, 0x17 }, { 0xf2, 0x6d, 0x1f },
};

static const PaletteColor palette_ice_cream_gb[] = {
    { 0x7c, 0x3f, 0x58 }, { 0xeb, 0x6b, 0x6f }, { 0xf9, 0xa8, 0x75 }, { 0xff, 0xf6, 0xd3 },
};

static const PaletteColor palette_inkpink[] = {
    { 0xff, 0xff, 0xff }, { 0xfe, 0x6c, 0x90 }, { 0xd0, 0x37, 0x91 }, { 0x87, 0x28, 0x6a },
    { 0x45, 0x24, 0x59 }, { 0x26, 0x0d, 0x34 },
};

static const PaletteColor palette_journey[] = {
    { 0x05, 0x09, 0x14 }, { 0x11, 0x05, 0x24 }, { 0x3b, 0x06, 0x3a }, { 0x69, 0x17, 0x49 },
    { 0x9c, 0x32, 0x47 }, { 0xd4, 0x64, 0x53 }, { 0xf5, 0xa1, 0x5d }, { 0xff, 0xcf, 0x8e },
    { 0xff, 0x7a, 0x7d }, { 0xff, 0x41, 0x7d }, { 0xd6, 0x1a, 0x88 }, { 0x94, 0x00, 0x7a },
    { 0x42, 0x00, 0x4e }, { 0x22, 0x00, 0x29 }, { 0x10, 0x07, 0x26 }, { 0x25, 0x08, 0x2c },
    { 0x3d, 0x11, 0x32 }, { 0x73, 0x26, 0x3d }, { 0xbd, 0x40, 0x35 }, { 0xed, 0x7b, 0x39 },
    { 0xff, 0xb8, 0x4a }, { 0xff, 0xf5, 0x40 }, { 0xc6, 0xd8, 0x31 }, { 0x77, 0xb0, 0x2a },
    { 0x42, 0x90, 0x58 }, { 0x2c, 0x64, 0x5e }, { 0x15, 0x3c, 0x4a }, { 0x05, 0x21, 0x37 },
    { 0x0e, 0x04, 0x21 }, { 0x0c, 0x0b, 0x42 }, { 0x03, 0x27, 0x69 }, { 0x14, 0x44, 0x91 },
    { 0x48, 0x8b, 0xd4 }, { 0x78, 0xd7, 0xff }, { 0xb0, 0xff, 0xf1 }, { 0xfa, 0xff, 0xff },
    { 0xc7, 0xd4, 0xe1 }, { 0x92, 0x8f, 0xb8 }, { 0x5b, 0x53, 0x7d }, { 0x39, 0x29, 0x46 },
    { 0x24, 0x14, 0x2c }, { 0x0e, 0x0f, 0x2c }, { 0x13, 0x22, 0x43 }, { 0x1a, 0x46, 0x6b },
    { 0x10, 0x90, 0x8e }, { 0x28, 0xc0, 0x74 }, { 0x3d, 0xff, 0x6e }, { 0xf8, 0xff, 0xb8 },
    { 0xf0, 0xc2, 0x97 }, { 0xcf, 0x96, 0x8c }, { 0x8f, 0x57, 0x65 }, { 0x52, 0x29, 0x4b },
    { 0x0f, 0x02, 0x2e }, { 0x35, 0x00, 0x3b }, { 0x64, 0x00, 0x4c }, { 0x9b, 0x0e, 0x3e },
    { 0xd4, 0x1e, 0x3c }, { 0xed, 0x4c, 0x40 }, { 0xff, 0x97, 0x57 }, { 0xd4, 0x66, 0x2f },
    { 0x9c, 0x34, 0x1a }, { 0x69, 0x1b, 0x22 }, { 0x45, 0x0c, 0x28 }, { 0x2d, 0x00, 0x2e },
};

static const PaletteColor palette_juice56[] = {
    { 0x00, 0x00, 0x05 }, { 0xff, 0xff, 0xff }, { 0xc8, 0xe1, 0xeb }, { 0xa5, 0xbe, 0xcd },
    { 0x78, 0x91, 0xa5 }, { 0x55, 0x64, 0x7d }, { 0x37, 0x41, 0x5a }, { 0x19, 0x1e, 0x3c },
    { 0x14, 0x46, 0x5a }, { 0x0f, 0x73, 0x73 }, { 0x0f, 0xa5, 0x69 }, { 0x41, 0xcd, 0x73 },
    { 0x73, 0xff, 0x73 }, { 0xdc, 0x9b, 0x78 }, { 0xb2, 0x62, 0x47 }, { 0x8c, 0x3c, 0x32 },
    { 0x5a, 0x14, 0x23 }, { 0x37, 0x0a, 0x14 }, { 0xff, 0xd2, 0xa5 }, { 0xf5, 0xa5, 0x6e },
    { 0xe6, 0x6e, 0x46 }, { 0xc3, 0x41, 0x2d }, { 0x8c, 0x23, 0x23 }, { 0x41, 0x00, 0x41 },
    { 0x7d, 0x00, 0x41 }, { 0xaa, 0x14, 0x3c }, { 0xd7, 0x2d, 0x2d }, { 0xf0, 0x69, 0x23 },
    { 0xff, 0xaa, 0x32 }, { 0xff, 0xe6, 0x5a }, { 0xbe, 0xd7, 0x2d }, { 0x64, 0xa5, 0x1e },
    { 0x23, 0x7d, 0x14 }, { 0x0f, 0x55, 0x19 }, { 0x0f, 0x32, 0x23 }, { 0x82, 0xff, 0xe1 },
    { 0x41, 0xd7, 0xd7 }, { 0x14, 0xa0, 0xcd }, { 0x14, 0x69, 0xc3 }, { 0x0f, 0x37, 0x9b },
    { 0x0f, 0x0f, 0x69 }, { 0x3c, 0x1e, 0x8c }, { 0x64, 0x2d, 0xb4 }, { 0xa0, 0x41, 0xd7 },
    { 0xe6, 0x5a, 0xe6 }, { 0xff, 0x8c, 0xc8 }, { 0x4b, 0x14, 0x3c }, { 0x82, 0x0a, 0x64 },
    { 0xb4, 0x23, 0x6e }, { 0xe6, 0x50, 0x78 }, { 0xff, 0x8c, 0x8c }, { 0xff, 0xcd, 0xb4 },
    { 0xe6, 0x9b, 0x96 }, { 0xbe, 0x69, 0x73 }, { 0x96, 0x46, 0x5f }, { 0x6e, 0x28, 0x50 },
};

static const PaletteColor palette_kawaii16[] = {
    { 0x65, 0x47, 0x1e }, { 0xb5, 0x70, 0x75 }, { 0xdc, 0xab, 0x80 }, { 0xf8, 0xd8, 0xab },
    { 0xb8, 0xaa, 0xaa }, { 0xff, 0xf5, 0xf5 }, { 0xfc, 0xa5, 0xc2 }, { 0xec, 0x46, 0x46 },
    { 0xff, 0xa3, 0x22 }, { 0xf9, 0xfa, 0x93 }, { 0x7b, 0xc1, 0x88 }, { 0x8e, 0xd3, 0xf8 },
    { 0x59, 0x89, 0xa3 }, { 0xd7, 0x93, 0xfa }, { 0x74, 0x51, 0x8e }, { 0x1d, 0x17, 0x3c },
};

static const PaletteColor palette_koni32[] = {
    { 0x00, 0x00, 0x00 }, { 0x0b, 0x0a, 0x0d }, { 0x16, 0x15, 0x24 }, { 0x22, 0x26, 0x40 },
    { 0x2b, 0x40, 0x57 }, { 0x30, 0x65, 0x66 }, { 0x34, 0xa8, 0x70 }, { 0x49, 0xf2, 0x5a },
    { 0xa4, 0xff, 0x63 }, { 0xff, 0xf2, 0x40 }, { 0xf2, 0xa5, 0x3f }, { 0xcc, 0x7a, 0x47 },
    { 0xf5, 0x40, 0x25 }, { 0xa6, 0x3a, 0x3a }, { 0x99, 0x53, 0x48 }, { 0x73, 0x37, 0x58 },
    { 0x4d, 0x2a, 0x49 }, { 0x46, 0x34, 0x6a }, { 0x8c, 0x2e, 0xb8 }, { 0xf2, 0x61, 0xda },
    { 0xff, 0xa8, 0xd4 }, { 0xb3, 0xdf, 0xff }, { 0x70, 0xa5, 0xfa }, { 0x40, 0x7c, 0xff },
    { 0x1f, 0x50, 0xcc }, { 0x21, 0x3e, 0xa6 }, { 0x27, 0x2f, 0x66 }, { 0x41, 0x45, 0x58 },
    { 0x6d, 0x70, 0x78 }, { 0x89, 0x8b, 0x8c }, { 0xbb, 0xbd, 0xbf }, { 0xff, 0xff, 0xff },
};

static const PaletteColor palette_linear_color_palette_basic[] = {
    { 0x0e, 0x0c, 0x0c }, { 0x5f, 0x2d, 0x56 }, { 0x99, 0x39, 0x70 }, { 0xdc, 0x4a, 0x7b },
    { 0xf7, 0x86, 0x97 }, { 0x9f, 0x29, 0x4e }, { 0x62, 0x23, 0x2f }, { 0x8f, 0x40, 0x29 },
    { 0xc5, 0x60, 0x25 }, { 0xee, 0x8e, 0x2e }, { 0xfc, 0xcb, 0xa3 }, { 0xda, 0x4e, 0x38 },
    { 0xfa, 0xcb, 0x3e }, { 0x97, 0xda, 0x3f }, { 0x4b, 0xa7, 0x47 }, { 0x3d, 0x73, 0x4f },
    { 0x31, 0x41, 0x52 }, { 0x41, 0x70, 0x89 }, { 0x49, 0xa7, 0x90 }, { 0x72, 0xd6, 0xce },
    { 0x56, 0x98, 0xcc }, { 0x59, 0x56, 0xbd }, { 0x47, 0x35, 0x79 }, { 0x81, 0x56, 0xaa },
    { 0xc2, 0x78, 0xd0 }, { 0xf0, 0xb3, 0xdd }, { 0xfd, 0xf7, 0xed }, { 0xd3, 0xbf, 0xa9 },
    { 0xaa, 0x8d, 0x7a }, { 0x77, 0x5c, 0x55 }, { 0x48, 0x3b, 0x3a },
};

static const PaletteColor palette_lospec500[] = {
    { 0x10, 0x12, 0x1c }, { 0x2c, 0x1e, 0x31 }, { 0x6b, 0x26, 0x43 }, { 0xac, 0x28, 0x47 },
    { 0xec, 0x27, 0x3f }, { 0x94, 0x49, 0x3a }, { 0xde, 0x5d, 0x3a }, { 0xe9, 0x85, 0x37 },
    { 0xf3, 0xa8, 0x33 }, { 0x4d, 0x35, 0x33 }, { 0x6e, 0x4c, 0x30 }, { 0xa2, 0x6d, 0x3f },
    { 0xce, 0x92, 0x48 }, { 0xda, 0xb1, 0x63 }, { 0xe8, 0xd2, 0x82 }, { 0xf7, 0xf3, 0xb7 },
    { 0x1e, 0x40, 0x44 }, { 0x00, 0x65, 0x54 }, { 0x26, 0x85, 0x4c }, { 0x5a, 0xb5, 0x52 },
    { 0x9d, 0xe6, 0x4e }, { 0x00, 0x8b, 0x8b }, { 0x62, 0xa4, 0x77 }, { 0xa6, 0xcb, 0x96 },
    { 0xd3, 0xee, 0xd3 }, { 0x3e, 0x3b, 0x65 }, { 0x38, 0x59, 0xb3 }, { 0x33, 0x88, 0xde },
    { 0x36, 0xc5, 0xf4 }, { 0x6d, 0xea, 0xd6 }, { 0x5e, 0x5b, 0x8c }, { 0x8c, 0x78, 0xa5 },
    { 0xb0, 0xa7, 0xb8 }, { 0xde, 0xce, 0xed }, { 0x9a, 0x4d, 0x76 }, { 0xc8, 0x78, 0xaf },
    { 0xcc, 0x99, 0xff }, { 0xfa, 0x6e, 0x79 }, { 0xff, 0xa2, 0xac }, { 0xff, 0xd1, 0xd5 },
    { 0xf6, 0xe8, 0xe0 }, { 0xff, 0xff, 0xff },
};

static const PaletteColor palette_lost_century[] = {
    { 0xd1, 0xb1, 0x87 }, { 0xc7, 0x7b, 0x58 }, { 0xae, 0x5d, 0x40 }, { 0x79, 0x44, 0x4a },
    { 0x4b, 0x3d, 0x44 }, { 0xba, 0x91, 0x58 }, { 0x92, 0x74, 0x41 }, { 0x4d, 0x45, 0x39 },
    { 0x77, 0x74, 0x3b }, { 0xb3, 0xa5, 0x55 }, { 0xd2, 0xc9, 0xa5 }, { 0x8c, 0xab, 0xa1 },
    { 0x4b, 0x72, 0x6e }, { 0x57, 0x48, 0x52 }, { 0x84, 0x78, 0x75 }, { 0xab, 0x9b, 0x8e },
};

static const PaletteColor palette_lux2k[] = {
    { 0x25, 0x13, 0x1a }, { 0x3d, 0x25, 0x3b }, { 0x52, 0x3b, 0x40 }, { 0x1f, 0x37, 0x36 },
    { 0x2a, 0x5a, 0x39 }, { 0x42, 0x7f, 0x3b }, { 0x80, 0xa5, 0x3f }, { 0xbb, 0xc4, 0x4e },
    { 0x96, 0xc6, 0x41 }, { 0xcc, 0xf6, 0x1f }, { 0x8a, 0x96, 0x1f }, { 0x5c, 0x6b, 0x53 },
    { 0x89, 0x5a, 0x45 }, { 0xd1, 0x85, 0x1e }, { 0xff, 0xd5, 0x69 }, { 0xbf, 0x70, 0x4d },
    { 0xe1, 0xa1, 0x71 }, { 0xe6, 0xde, 0xca }, { 0x9b, 0x4c, 0x51 }, { 0x80, 0x29, 0x54 },
    { 0xd0, 0x19, 0x46 }, { 0xe8, 0x44, 0x44 }, { 0x40, 0x36, 0x9f }, { 0x71, 0x44, 0xff },
    { 0xaf, 0x69, 0xbf }, { 0xea, 0xa5, 0xff }, { 0x58, 0x80, 0xcc }, { 0x62, 0xab, 0xd4 },
    { 0x9b, 0xf0, 0xfd }, { 0xca, 0xe6, 0xf5 }, { 0xff, 0xff, 0xff }, { 0xa7, 0xac, 0xba },
    { 0x60, 0x60, 0x60 }, { 0x56, 0x58, 0x7b }, { 0x9a, 0x85, 0x71 }, { 0xdf, 0xbb, 0xb3 },
};

static const PaletteColor palette_lux3k[] = {
    { 0xce, 0x3b, 0x26 }, { 0xf7, 0x87, 0x2a }, { 0xfc, 0xd5, 0x6b }, { 0xe7, 0x95, 0x2e },
    { 0xf9, 0xb8, 0x57 }, { 0xf0, 0xc2, 0x09 }, { 0xb1, 0x6e, 0x45 }, { 0xf4, 0xb2, 0x7a },
    { 0xf0, 0xd8, 0x9d }, { 0xf9, 0xf5, 0xd2 }, { 0x8f, 0x43, 0x49 }, { 0xff, 0xa6, 0x86 },
    { 0xfd, 0xce, 0xab }, { 0x5c, 0xac, 0x48 }, { 0x8c, 0xce, 0x6c }, { 0xc1, 0xec, 0x48 },
    { 0x06, 0x03, 0x29 }, { 0x1c, 0x28, 0x33 }, { 0x14, 0x50, 0x41 }, { 0x23, 0x16, 0x18 },
    { 0x52, 0x1e, 0x23 }, { 0x83, 0x21, 0x21 }, { 0xff, 0x80, 0x4a }, { 0xe1, 0x61, 0x69 },
    { 0xee, 0x80, 0x95 }, { 0x7b, 0x37, 0x81 }, { 0xb6, 0x4d, 0x75 }, { 0xa0, 0x73, 0x85 },
    { 0x44, 0x05, 0x0b }, { 0x6d, 0x2a, 0x41 }, { 0x96, 0x2c, 0x52 }, { 0xe5, 0x33, 0x66 },
    { 0x6e, 0x56, 0x57 }, { 0xa7, 0xac, 0xba }, { 0xac, 0xcd, 0xec }, { 0x1c, 0x5c, 0x83 },
    { 0x2b, 0xa8, 0xb5 }, { 0x46, 0xdc, 0xcd },
};

static const PaletteColor palette_midnight_ablaze[] = {
    { 0xff, 0x82, 0x74 }, { 0xd5, 0x3c, 0x6a }, { 0x7c, 0x18, 0x3c }, { 0x46, 0x0e, 0x2b },
    { 0x31, 0x05, 0x1e }, { 0x1f, 0x05, 0x10 }, { 0x13, 0x02, 0x08 },
};

static const PaletteColor palette_mojave20[] = {
    { 0xdc, 0xd1, 0xb8 }, { 0xc8, 0xb4, 0x96 }, { 0xae, 0xb0, 0xb2 }, { 0x91, 0x96, 0xa0 },
    { 0x60, 0x60, 0x6a }, { 0x40, 0x3f, 0x4a }, { 0x38, 0x35, 0x3e }, { 0x4b, 0x44, 0x4c },
    { 0x79, 0x62, 0x5d }, { 0x9e, 0x86, 0x76 }, { 0xbe, 0x96, 0x68 }, { 0xa4, 0x68, 0x48 },
    { 0x71, 0x5a, 0x3b }, { 0x45, 0x3e, 0x2a }, { 0x3f, 0x29, 0x26 }, { 0x2e, 0x15, 0x15 },
    { 0x17, 0x09, 0x0c }, { 0x54, 0x1e, 0x13 }, { 0xd0, 0x3c, 0x32 }, { 0xfb, 0xa6, 0x4c },
};

static const PaletteColor palette_mort_vs_zughy[] = {
    { 0xf8, 0xf8, 0xf8 }, { 0xbc, 0xb7, 0xc5 }, { 0x8d, 0x87, 0xa2 }, { 0x50, 0x57, 0x6b },
    { 0x2e, 0x37, 0x40 }, { 0x10, 0x1e, 0x29 }, { 0x30, 0x2c, 0x2e }, { 0x5a, 0x53, 0x53 },
    { 0x7d, 0x70, 0x71 }, { 0xa0, 0x93, 0x8e }, { 0xcf, 0xc6, 0xb8 }, { 0xf4, 0xcc, 0xa1 },
    { 0xee, 0xa1, 0x60 }, { 0xbf, 0x79, 0x58 }, { 0xa0, 0x5b, 0x53 }, { 0x7a, 0x44, 0x4a },
    { 0x5e, 0x36, 0x43 }, { 0x47, 0x2d, 0x3c }, { 0x39, 0x31, 0x4b }, { 0x64, 0x46, 0x8d },
    { 0x8e, 0x47, 0x8c }, { 0xae, 0x57, 0xa4 }, { 0xea, 0x71, 0xbd }, { 0xff, 0xae, 0xb6 },
    { 0xff, 0x8b, 0x9c }, { 0xe1, 0x53, 0x4a }, { 0xa9, 0x3b, 0x3b }, { 0xf4, 0x7e, 0x1b },
    { 0xf4, 0xb4, 0x1b }, { 0xff, 0xce, 0x00 }, { 0xfb, 0xfc, 0xaa }, { 0xb6, 0xd5, 0x3c },
    { 0x71, 0xaa, 0x34 }, { 0x3f, 0x7e, 0x00 }, { 0x00, 0x5f, 0x1b }, { 0x00, 0x63, 0x5c },
    { 0x00, 0xa3, 0x83 }, { 0x3f, 0xc7, 0x78 }, { 0xa1, 0xef, 0x79 }, { 0xdf, 0xf6, 0xf5 },
    { 0x92, 0xf4, 0xff }, { 0x42, 0xca, 0xfd }, { 0x39, 0x78, 0xa8 }, { 0x24, 0x3f, 0x72 },
    { 0x56, 0x40, 0x64 }, { 0x82, 0x70, 0x94 }, { 0x4f, 0x54, 0x6b },
};

static const PaletteColor palette_mulfok32[] = {
    { 0x5b, 0xa6, 0x75 }, { 0x6b, 0xc9, 0x6c }, { 0xab, 0xdd, 0x64 }, { 0xfc, 0xef, 0x8d },
    { 0xff, 0xb8, 0x79 }, { 0xea, 0x62, 0x62 }, { 0xcc, 0x42, 0x5e }, { 0xa3, 0x28, 0x58 },
    { 0x75, 0x17, 0x56 }, { 0x39, 0x09, 0x47 }, { 0x61, 0x18, 0x51 }, { 0x87, 0x35, 0x55 },
    { 0xa6, 0x55, 0x5f }, { 0xc9, 0x73, 0x73 }, { 0xf2, 0xae, 0x99 }, { 0xff, 0xc3, 0xf2 },
    { 0xee, 0x8f, 0xcb }, { 0xd4, 0x6e, 0xb3 }, { 0x87, 0x3e, 0x84 }, { 0x1f, 0x10, 0x2a },
    { 0x4a, 0x30, 0x52 }, { 0x7b, 0x54, 0x80 }, { 0xa6, 0x85, 0x9f }, { 0xd9, 0xbd, 0xc8 },
    { 0xff, 0xff, 0xff }, { 0xae, 0xe2, 0xff }, { 0x8d, 0xb7, 0xff }, { 0x6d, 0x80, 0xfa },
    { 0x84, 0x65, 0xec }, { 0x83, 0x4d, 0xc4 }, { 0x7d, 0x2d, 0xa0 }, { 0x4e, 0x18, 0x7c },
};

static const PaletteColor palette_na16[] = {
    { 0x8c, 0x8f, 0xae }, { 0x58, 0x45, 0x63 }, { 0x3e, 0x21, 0x37 }, { 0x9a, 0x63, 0x48 },
    { 0xd7, 0x9b, 0x7d }, { 0xf5, 0xed, 0xba }, { 0xc0, 0xc7, 0x41 }, { 0x64, 0x7d, 0x34 },
    { 0xe4, 0x94, 0x3a }, { 0x9d, 0x30, 0x3b }, { 0xd2, 0x64, 0x71 }, { 0x70, 0x37, 0x7f },
    { 0x7e, 0xc4, 0xc1 }, { 0x34, 0x85, 0x9d }, { 0x17, 0x43, 0x4b }, { 0x1f, 0x0e, 0x1c },
};

static const PaletteColor palette_nanner_16[] = {
    { 0x7a, 0xcc, 0xcc }, { 0x62, 0x7d, 0xb3 }, { 0x55, 0x40, 0x80 }, { 0x59, 0x28, 0x58 },
    { 0x80, 0x40, 0x55 }, { 0xb3, 0x7d, 0x62 }, { 0xcc, 0xc9, 0x7a }, { 0x70, 0xb3, 0x62 },
    { 0x40, 0x80, 0x6a }, { 0x27, 0x44, 0x57 }, { 0xcc, 0xcc, 0xcc }, { 0x99, 0x94, 0x91 },
    { 0x66, 0x5c, 0x5f }, { 0x33, 0x2b, 0x33 }, { 0x80, 0x4e, 0x46 }, { 0x4d, 0x2a, 0x2a },
};

static const PaletteColor palette_nanner_pancakes[] = {
    { 0xa0, 0xdd, 0xd3 }, { 0x6f, 0xb0, 0xb7 }, { 0x57, 0x7f, 0x9d }, { 0x4a, 0x57, 0x86 },
    { 0x3e, 0x3b, 0x66 }, { 0x39, 0x29, 0x45 }, { 0x2d, 0x1e, 0x2f }, { 0x45, 0x2e, 0x3f },
    { 0x5d, 0x45, 0x50 }, { 0x7b, 0x62, 0x68 }, { 0x9c, 0x80, 0x7e }, { 0xc3, 0xa7, 0x9c },
    { 0xdb, 0xc9, 0xb4 }, { 0xfc, 0xec, 0xd1 }, { 0xaa, 0xd7, 0x95 }, { 0x64, 0xb0, 0x82 },
    { 0x48, 0x88, 0x85 }, { 0x3f, 0x5b, 0x74 }, { 0xeb, 0xc8, 0xa7 }, { 0xd3, 0xa0, 0x84 },
    { 0xb8, 0x7e, 0x6c }, { 0x8f, 0x52, 0x52 }, { 0x6a, 0x39, 0x48 }, { 0xc5, 0x7f, 0x79 },
    { 0xab, 0x59, 0x7d }, { 0x7c, 0x3d, 0x64 }, { 0x4e, 0x2b, 0x45 }, { 0x7a, 0x3b, 0x4f },
    { 0xa9, 0x4b, 0x54 }, { 0xd8, 0x72, 0x5e }, { 0xf0, 0x9f, 0x71 }, { 0xf7, 0xcf, 0x91 },
};

static const PaletteColor palette_nes_advanced[] = {
    { 0x00, 0x00, 0x00 }, { 0x26, 0x23, 0x2f }, { 0x31, 0x40, 0x47 }, { 0x59, 0x6d, 0x62 },
    { 0x92, 0x9c, 0x74 }, { 0xc8, 0xc5, 0xa3 }, { 0xfc, 0xfc, 0xfc }, { 0x1b, 0x37, 0x7f },
    { 0x14, 0x7a, 0xbf }, { 0x40, 0xaf, 0xdd }, { 0xb2, 0xdb, 0xf4 }, { 0x18, 0x16, 0x67 },
    { 0x3b, 0x2c, 0x96 }, { 0x70, 0x6a, 0xe1 }, { 0x8f, 0x95, 0xee }, { 0x44, 0x0a, 0x41 },
    { 0x81, 0x25, 0x93 }, { 0xcc, 0x4b, 0xb9 }, { 0xec, 0x99, 0xdb }, { 0x3f, 0x00, 0x11 },
    { 0xb3, 0x1c, 0x35 }, { 0xef, 0x20, 0x64 }, { 0xf2, 0x62, 0x82 }, { 0x96, 0x08, 0x11 },
    { 0xe8, 0x18, 0x13 }, { 0xa7, 0x5d, 0x69 }, { 0xec, 0x9e, 0xa4 }, { 0x56, 0x0d, 0x04 },
    { 0xc4, 0x36, 0x11 }, { 0xe2, 0x6a, 0x12 }, { 0xf0, 0xaf, 0x66 }, { 0x2a, 0x1a, 0x14 },
    { 0x5d, 0x34, 0x2a }, { 0xa6, 0x6e, 0x46 }, { 0xdf, 0x9c, 0x6e }, { 0x8e, 0x4e, 0x11 },
    { 0xd8, 0x95, 0x11 }, { 0xea, 0xd1, 0x1e }, { 0xf5, 0xeb, 0x6b }, { 0x2f, 0x54, 0x1c },
    { 0x5a, 0x83, 0x1b }, { 0xa2, 0xbb, 0x1e }, { 0xc6, 0xdf, 0x6b }, { 0x0f, 0x45, 0x0f },
    { 0x00, 0x8b, 0x12 }, { 0x0b, 0xcb, 0x12 }, { 0x3e, 0xf3, 0x3f }, { 0x11, 0x51, 0x53 },
    { 0x0c, 0x85, 0x63 }, { 0x04, 0xbf, 0x79 }, { 0x6a, 0xe6, 0xaa }, { 0x26, 0x27, 0x26 },
    { 0x51, 0x4f, 0x4c }, { 0x88, 0x7e, 0x83 }, { 0xb3, 0xaa, 0xc0 },
};

static const PaletteColor palette_nirvana_7[] = {
    { 0x1e, 0x0b, 0x37 }, { 0x45, 0x17, 0x6e }, { 0x8e, 0x20, 0xa7 }, { 0xd5, 0x3b, 0xe3 },
    { 0xef, 0x7b, 0xdd }, { 0xf6, 0xb7, 0xd6 }, { 0xfc, 0xf2, 0xde },
};

static const PaletteColor palette_nyx8[] = {
    { 0x08, 0x14, 0x1e }, { 0x0f, 0x2a, 0x3f }, { 0x20, 0x39, 0x4f }, { 0xf6, 0xd6, 0xbd },
    { 0xc3, 0xa3, 0x8a }, { 0x99, 0x75, 0x77 }, { 0x81, 0x62, 0x71 }, { 0x4e, 0x49, 0x5f },
};

static const PaletteColor palette_oil_6[] = {
    { 0xfb, 0xf5, 0xef }, { 0xf2, 0xd3, 0xab }, { 0xc6, 0x9f, 0xa5 }, { 0x8b, 0x6d, 0x9c },
    { 0x49, 0x4d, 0x7e }, { 0x27, 0x27, 0x44 },
};

static const PaletteColor palette_paper_8[] = {
    { 0x1f, 0x24, 0x4b }, { 0x65, 0x40, 0x53 }, { 0xa8, 0x60, 0x5d }, { 0xd1, 0xa6, 0x7e },
    { 0xf6, 0xe7, 0x9c }, { 0xb6, 0xcf, 0x8e }, { 0x60, 0xae, 0x7b }, { 0x3c, 0x6b, 0x64 },
};

static const PaletteColor palette_paradise_30[] = {
    { 0x1a, 0x0e, 0x14 }, { 0x32, 0x19, 0x21 }, { 0x4d, 0x29, 0x2d }, { 0x70, 0x48, 0x3c },
    { 0x96, 0x70, 0x5a }, { 0xb5, 0x95, 0x71 }, { 0xe0, 0xc8, 0x92 }, { 0xff, 0xf4, 0xb0 },
    { 0x4c, 0x21, 0x26 }, { 0x70, 0x28, 0x2b }, { 0x99, 0x38, 0x33 }, { 0xbd, 0x4c, 0x35 },
    { 0xd9, 0x64, 0x3d }, { 0xf0, 0x82, 0x4b }, { 0xfb, 0xa7, 0x5d }, { 0xff, 0xc9, 0x73 },
    { 0xff, 0xe0, 0x8a }, { 0xbf, 0x2b, 0x29 }, { 0xe6, 0x4e, 0x47 }, { 0xed, 0x57, 0x2d },
    { 0xff, 0x91, 0x30 }, { 0xff, 0xbd, 0x40 }, { 0x36, 0x41, 0x21 }, { 0x5a, 0x7a, 0x22 },
    { 0xb3, 0xa7, 0x20 }, { 0x40, 0x2b, 0x50 }, { 0x4e, 0x59, 0xc2 }, { 0x48, 0xac, 0xe0 },
    { 0x86, 0x3b, 0xa1 }, { 0xd6, 0x63, 0xd7 },
};

static const PaletteColor palette_pastel_qt[] = {
    { 0xcb, 0x81, 0x75 }, { 0xe2, 0xa9, 0x7e }, { 0xf0, 0xcf, 0x8e }, { 0xf6, 0xed, 0xcd },
    { 0xa8, 0xc8, 0xa6 }, { 0x6d, 0x8d, 0x8a }, { 0x65, 0x50, 0x57 },
};

static const PaletteColor palette_pax_24[] = {
    { 0xf4, 0xf5, 0xef }, { 0xf8, 0xc7, 0xa4 }, { 0xe7, 0x84, 0xa8 }, { 0xeb, 0x9d, 0x45 },
    { 0xbb, 0x9a, 0x3e }, { 0xf6, 0xe4, 0x55 }, { 0xc8, 0xdb, 0xdf }, { 0xa1, 0x46, 0xaa },
    { 0xd7, 0x4d, 0x4c }, { 0xa6, 0x5d, 0x35 }, { 0x8f, 0xcb, 0x62 }, { 0x35, 0x88, 0x4e },
    { 0xa0, 0xab, 0xb1 }, { 0x96, 0x2f, 0x2c }, { 0x68, 0x2d, 0x2c }, { 0x85, 0xdf, 0xeb },
    { 0x33, 0x9c, 0xa3 }, { 0x1b, 0x4c, 0x5a }, { 0x5e, 0x6a, 0x82 }, { 0x19, 0x10, 0x23 },
    { 0x72, 0xad, 0xee }, { 0x43, 0x5e, 0xdb }, { 0x47, 0x43, 0x94 }, { 0x32, 0x2d, 0x4d },
};

static const PaletteColor palette_pear36[] = {
    { 0x5e, 0x31, 0x5b }, { 0x8c, 0x3f, 0x5d }, { 0xba, 0x61, 0x56 }, { 0xf2, 0xa6, 0x5e },
    { 0xff, 0xe4, 0x78 }, { 0xcf, 0xff, 0x70 }, { 0x8f, 0xde, 0x5d }, { 0x3c, 0xa3, 0x70 },
    { 0x3d, 0x6e, 0x70 }, { 0x32, 0x3e, 0x4f }, { 0x32, 0x29, 0x47 }, { 0x47, 0x3b, 0x78 },
    { 0x4b, 0x5b, 0xab }, { 0x4d, 0xa6, 0xff }, { 0x66, 0xff, 0xe3 }, { 0xff, 0xff, 0xeb },
    { 0xc2, 0xc2, 0xd1 }, { 0x7e, 0x7e, 0x8f }, { 0x60, 0x60, 0x70 }, { 0x43, 0x43, 0x4f },
    { 0x27, 0x27, 0x36 }, { 0x3e, 0x23, 0x47 }, { 0x57, 0x29, 0x4b }, { 0x96, 0x42, 0x53 },
    { 0xe3, 0x69, 0x56 }, { 0xff, 0xb5, 0x70 }, { 0xff, 0x91, 0x66 }, { 0xeb, 0x56, 0x4b },
    { 0xb0, 0x30, 0x5c }, { 0x73, 0x27, 0x5c }, { 0x42, 0x24, 0x45 }, { 0x5a, 0x26, 0x5e },
    { 0x80, 0x36, 0x6b }, { 0xbd, 0x48, 0x82 }, { 0xff, 0x6b, 0x97 }, { 0xff, 0xb5, 0xb5 },
};

static const PaletteColor palette_pico_8[] = {
    { 0x00, 0x00, 0x00 }, { 0x1d, 0x2b, 0x53 }, { 0x7e, 0x25, 0x53 }, { 0x00, 0x87, 0x51 },
    { 0xab, 0x52, 0x36 }, { 0x5f, 0x57, 0x4f }, { 0xc2, 0xc3, 0xc7 }, { 0xff, 0xf1, 0xe8 },
    { 0xff, 0x00, 0x4d }, { 0xff, 0xa3, 0x00 }, { 0xff, 0xec, 0x27 }, { 0x00, 0xe4, 0x36 },
    { 0x29, 0xad, 0xff }, { 0x83, 0x76, 0x9c }, { 0xff, 0x77, 0xa8 }, { 0xff, 0xcc, 0xaa },
};

static const PaletteColor palette_pineapple_32[] = {
    { 0x43, 0x00, 0x2a }, { 0x89, 0x00, 0x27 }, { 0xd9, 0x24, 0x3c }, { 0xff, 0x61, 0x57 },
    { 0xff, 0xb7, 0x62 }, { 0xc7, 0x6e, 0x46 }, { 0x73, 0x39, 0x2e }, { 0x34, 0x11, 0x1f },
    { 0x03, 0x07, 0x10 }, { 0x27, 0x3b, 0x2d }, { 0x45, 0x82, 0x39 }, { 0x9c, 0xb9, 0x3b },
    { 0xff, 0xd8, 0x32 }, { 0xff, 0x82, 0x3b }, { 0xd1, 0x40, 0x1f }, { 0x7c, 0x19, 0x1a },
    { 0x31, 0x0c, 0x1b }, { 0x83, 0x3f, 0x34 }, { 0xeb, 0x9c, 0x6e }, { 0xff, 0xda, 0xac },
    { 0xff, 0xff, 0xe4 }, { 0xbf, 0xc3, 0xc6 }, { 0x6d, 0x8a, 0x8d }, { 0x29, 0x3b, 0x49 },
    { 0x04, 0x15, 0x28 }, { 0x03, 0x3e, 0x5e }, { 0x1c, 0x92, 0xa7 }, { 0x77, 0xd6, 0xc1 },
    { 0xff, 0xe0, 0xdc }, { 0xff, 0x88, 0xa9 }, { 0xc0, 0x3b, 0x94 }, { 0x60, 0x17, 0x61 },
};

static const PaletteColor palette_pollen8[] = {
    { 0x73, 0x46, 0x4c }, { 0xab, 0x56, 0x75 }, { 0xee, 0x6a, 0x7c }, { 0xff, 0xa7, 0xa5 },
    { 0xff, 0xe0, 0x7e }, { 0xff, 0xe7, 0xd6 }, { 0x72, 0xdc, 0xbb }, { 0x34, 0xac, 0xba },
};

static const PaletteColor palette_punolite_plus[] = {
    { 0x43, 0x1c, 0x3f }, { 0x6d, 0x32, 0x4e }, { 0xa6, 0x56, 0x58 }, { 0xc5, 0x77, 0x63 },
    { 0xde, 0x9d, 0x75 }, { 0xf0, 0xd8, 0x98 }, { 0xee, 0xf3, 0xaa }, { 0xbe, 0xf3, 0xaa },
    { 0x69, 0xc8, 0x86 }, { 0x50, 0xaa, 0x82 }, { 0x3d, 0x76, 0x6d }, { 0x29, 0x4e, 0x58 },
    { 0x06, 0x04, 0x1b }, { 0x10, 0x1b, 0x4c }, { 0x1e, 0x46, 0x76 }, { 0x37, 0x7d, 0x99 },
    { 0x61, 0xb6, 0xb1 }, { 0x90, 0xd5, 0xbf }, { 0xc7, 0xea, 0xda }, { 0xaa, 0xce, 0xc8 },
    { 0x96, 0xb9, 0xb9 }, { 0x80, 0x9d, 0xa4 }, { 0x64, 0x77, 0x89 }, { 0x53, 0x5d, 0x76 },
    { 0x3b, 0x3c, 0x58 },
};

static const PaletteColor palette_punolite_plus_plus[] = {
    { 0x2e, 0x2e, 0x43 }, { 0x4a, 0x4b, 0x5b }, { 0x70, 0x7b, 0x89 }, { 0xa9, 0xbc, 0xbf },
    { 0xe6, 0xee, 0xed }, { 0xfc, 0xfb, 0xf3 }, { 0xfc, 0xeb, 0xa8 }, { 0xf5, 0xc4, 0x7c },
    { 0xe3, 0x97, 0x64 }, { 0xc0, 0x68, 0x52 }, { 0x9d, 0x43, 0x43 }, { 0x81, 0x36, 0x45 },
    { 0x54, 0x22, 0x40 }, { 0x2a, 0x15, 0x2d }, { 0x4f, 0x2d, 0x4d }, { 0x5b, 0x3a, 0x56 },
    { 0x79, 0x4e, 0x6d }, { 0x3e, 0x4c, 0x7e }, { 0x49, 0x5f, 0x94 }, { 0x5a, 0x78, 0xb2 },
    { 0x73, 0x96, 0xd5 }, { 0x7f, 0xbb, 0xdc }, { 0xaa, 0xee, 0xea }, { 0xd5, 0xf8, 0x93 },
    { 0x96, 0xdc, 0x7f }, { 0x6e, 0xc0, 0x77 }, { 0x4e, 0x93, 0x63 }, { 0x3c, 0x6c, 0x54 },
    { 0x2c, 0x50, 0x49 }, { 0x34, 0x40, 0x4f }, { 0x40, 0x59, 0x67 }, { 0x5c, 0x89, 0x95 },
};

static const PaletteColor palette_purplemorning8[] = {
    { 0x21, 0x1d, 0x38 }, { 0x2e, 0x2a, 0x4f }, { 0x3b, 0x40, 0x5e }, { 0x60, 0x55, 0x6e },
    { 0x9a, 0x62, 0x78 }, { 0xc7, 0x78, 0x6f }, { 0xcf, 0xa9, 0x8a }, { 0xcd, 0xd4, 0xa5 },
};

static const PaletteColor palette_resurrect_64[] = {
    { 0x2e, 0x22, 0x2f }, { 0x3e, 0x35, 0x46 }, { 0x62, 0x55, 0x65 }, { 0x96, 0x6c, 0x6c },
    { 0xab, 0x94, 0x7a }, { 0x69, 0x4f, 0x62 }, { 0x7f, 0x70, 0x8a }, { 0x9b, 0xab, 0xb2 },
    { 0xc7, 0xdc, 0xd0 }, { 0xff, 0xff, 0xff }, { 0x6e, 0x27, 0x27 }, { 0xb3, 0x38, 0x31 },
    { 0xea, 0x4f, 0x36 }, { 0xf5, 0x7d, 0x4a }, { 0xae, 0x23, 0x34 }, { 0xe8, 0x3b, 0x3b },
    { 0xfb, 0x6b, 0x1d }, { 0xf7, 0x96, 0x17 }, { 0xf9, 0xc2, 0x2b }, { 0x7a, 0x30, 0x45 },
    { 0x9e, 0x45, 0x39 }, { 0xcd, 0x68, 0x3d }, { 0xe6, 0x90, 0x4e }, { 0xfb, 0xb9, 0x54 },
    { 0x4c, 0x3e, 0x24 }, { 0x67, 0x66, 0x33 }, { 0xa2, 0xa9, 0x47 }, { 0xd5, 0xe0, 0x4b },
    { 0xfb, 0xff, 0x86 }, { 0x16, 0x5a, 0x4c }, { 0x23, 0x90, 0x63 }, { 0x1e, 0xbc, 0x73 },
    { 0x91, 0xdb, 0x69 }, { 0xcd, 0xdf, 0x6c }, { 0x31, 0x36, 0x38 }, { 0x37, 0x4e, 0x4a },
    { 0x54, 0x7e, 0x64 }, { 0x92, 0xa9, 0x84 }, { 0xb2, 0xba, 0x90 }, { 0x0b, 0x5e, 0x65 },
    { 0x0b, 0x8a, 0x8f }, { 0x0e, 0xaf, 0x9b }, { 0x30, 0xe1, 0xb9 }, { 0x8f, 0xf8, 0xe2 },
    { 0x32, 0x33, 0x53 }, { 0x48, 0x4a, 0x77 }, { 0x4d, 0x65, 0xb4 }, { 0x4d, 0x9b, 0xe6 },
    { 0x8f, 0xd3, 0xff }, { 0x45, 0x29, 0x3f }, { 0x6b, 0x3e, 0x75 }, { 0x90, 0x5e, 0xa9 },
    { 0xa8, 0x84, 0xf3 }, { 0xea, 0xad, 0xed }, { 0x75, 0x3c, 0x54 }, { 0xa2, 0x4b, 0x6f },
    { 0xcf, 0x65, 0x7f }, { 0xed, 0x80, 0x99 }, { 0x83, 0x1c, 0x5d }, { 0xc3, 0x24, 0x54 },
    { 0xf0, 0x4f, 0x78 }, { 0xf6, 0x81, 0x81 }, { 0xfc, 0xa7, 0x90 }, { 0xfd, 0xcb, 0xb0 },
};

static const PaletteColor palette_retrobubble[] = {
    { 0x9d, 0xc1, 0xc0 }, { 0x52, 0x5b, 0x80 }, { 0x31, 0x21, 0x39 }, { 0x12, 0x0e, 0x1f },
    { 0x28, 0x46, 0x46 }, { 0x62, 0xab, 0x46 }, { 0x95, 0x53, 0x3d }, { 0x6a, 0x24, 0x35 },
    { 0x65, 0x41, 0x47 }, { 0xff, 0xf1, 0x69 }, { 0xd7, 0x79, 0x3f }, { 0xab, 0x32, 0x29 },
    { 0x9e, 0x8f, 0x84 }, { 0xff, 0xfa, 0xce }, { 0xe0, 0xb5, 0x6d }, { 0xf6, 0x8b, 0x69 },
};

static const PaletteColor palette_retrocal_8[] = {
    { 0x6e, 0xb8, 0xa8 }, { 0x2a, 0x58, 0x4f }, { 0x74, 0xa3, 0x3f }, { 0xfc, 0xff, 0xc0 },
    { 0xc6, 0x50, 0x5a }, { 0x2f, 0x14, 0x2f }, { 0x77, 0x44, 0x48 }, { 0xee, 0x9c, 0x5d },
};

static const PaletteColor palette_rustic_gb[] = {
    { 0x2c, 0x21, 0x37 }, { 0x76, 0x44, 0x62 }, { 0xed, 0xb4, 0xa1 }, { 0xa9, 0x68, 0x68 },
};

static const PaletteColor palette_ry_64[] = {
    { 0x2f, 0x1e, 0x45 }, { 0x6a, 0x19, 0x48 }, { 0x90, 0x1a, 0x4d }, { 0xc1, 0x26, 0x4b },
    { 0xdf, 0x35, 0x51 }, { 0xee, 0x59, 0x59 }, { 0xe4, 0x8b, 0x47 }, { 0xd8, 0x65, 0x45 },
    { 0xbb, 0x43, 0x43 }, { 0xa5, 0x2c, 0x49 }, { 0x8a, 0x1f, 0x40 }, { 0x4e, 0x18, 0x29 },
    { 0x63, 0x23, 0x37 }, { 0x7a, 0x32, 0x43 }, { 0x8f, 0x47, 0x47 }, { 0xac, 0x67, 0x54 },
    { 0xbe, 0x89, 0x60 }, { 0xcf, 0xa3, 0x5f }, { 0xf5, 0xcf, 0x8a }, { 0xdb, 0x9d, 0x28 },
    { 0xa7, 0x66, 0x09 }, { 0x80, 0x3d, 0x11 }, { 0x44, 0x48, 0x00 }, { 0x5e, 0x5d, 0x0a },
    { 0x81, 0x7c, 0x14 }, { 0xa7, 0x98, 0x3a }, { 0xbf, 0xaf, 0x60 }, { 0xc9, 0xe2, 0x76 },
    { 0x90, 0xb5, 0x3a }, { 0x5d, 0x92, 0x26 }, { 0x0f, 0x6a, 0x2e }, { 0x0c, 0x40, 0x3b },
    { 0x16, 0x31, 0x5e }, { 0x0f, 0x4d, 0x69 }, { 0x1c, 0x70, 0x7f }, { 0x26, 0x99, 0x92 },
    { 0x6d, 0xc0, 0xb4 }, { 0x75, 0xd9, 0xf2 }, { 0x55, 0xa7, 0xd4 }, { 0x3a, 0x8b, 0xc2 },
    { 0x2c, 0x57, 0x91 }, { 0x18, 0x33, 0x60 }, { 0x7d, 0x2f, 0x7e }, { 0xa8, 0x36, 0x90 },
    { 0xce, 0x49, 0x99 }, { 0xf2, 0x7d, 0xcd }, { 0xfb, 0xb8, 0xff }, { 0xc7, 0x83, 0xe9 },
    { 0xa7, 0x50, 0xc4 }, { 0x74, 0x3c, 0x9f }, { 0x49, 0x32, 0x77 }, { 0x37, 0x24, 0x66 },
    { 0x1a, 0x33, 0x49 }, { 0x34, 0x49, 0x5c }, { 0x45, 0x59, 0x6b }, { 0x60, 0x78, 0x84 },
    { 0x79, 0x99, 0x9b }, { 0xe6, 0xea, 0xea }, { 0xb9, 0xcb, 0xc7 }, { 0x91, 0xa8, 0xa8 },
    { 0x6d, 0x7f, 0x85 }, { 0x53, 0x60, 0x6b }, { 0x3c, 0x45, 0x50 }, { 0x22, 0x27, 0x34 },
};

static const PaletteColor palette_shanty[] = {
    { 0x1e, 0x15, 0x26 }, { 0x34, 0x31, 0x47 }, { 0x40, 0x48, 0x61 }, { 0x5a, 0x75, 0x8f },
    { 0x8e, 0xb2, 0xbd }, { 0x15, 0x2b, 0x24 }, { 0x1d, 0x47, 0x32 }, { 0x48, 0x85, 0x35 },
    { 0x77, 0xc2, 0x42 }, { 0xc6, 0xe5, 0x63 }, { 0xdd, 0xf1, 0x9c }, { 0xa9, 0xda, 0x86 },
    { 0x8a, 0xb2, 0x7d }, { 0xf2, 0x8d, 0xdb }, { 0xde, 0x4e, 0xe6 }, { 0x91, 0x43, 0xcc },
    { 0x3a, 0x2d, 0x73 }, { 0x21, 0x47, 0x80 }, { 0x18, 0x75, 0xcc }, { 0x18, 0xb3, 0xf5 },
    { 0x3d, 0xe5, 0xf5 }, { 0xf5, 0xf5, 0xf7 }, { 0xbf, 0xea, 0xf5 }, { 0x93, 0xcf, 0xed },
    { 0xf5, 0x91, 0x5b }, { 0xbd, 0x50, 0x44 }, { 0x6e, 0x2b, 0x23 }, { 0x30, 0x1b, 0x2a },
    { 0x4f, 0x29, 0x3b }, { 0x85, 0x46, 0x57 }, { 0xb0, 0x6a, 0x72 }, { 0xe6, 0x9e, 0x97 },
    { 0xfa, 0xcc, 0x34 }, { 0xfa, 0x9a, 0x41 }, { 0xe8, 0x6d, 0x25 }, { 0x96, 0x18, 0x1e },
    { 0xd1, 0x0f, 0x2f }, { 0xf0, 0x26, 0x45 }, { 0x36, 0x24, 0x27 }, { 0x69, 0x3c, 0x3c },
    { 0x87, 0x53, 0x40 }, { 0xb3, 0x82, 0x47 }, { 0xde, 0xb8, 0x7a }, { 0xe7, 0xdb, 0xad },
    { 0xad, 0x9e, 0x7b }, { 0x94, 0x86, 0x6b }, { 0x73, 0x69, 0x5a }, { 0x5a, 0x51, 0x4a },
};

static const PaletteColor palette_sheltzy32[] = {
    { 0x8c, 0xff, 0xde }, { 0x45, 0xb8, 0xb3 }, { 0x83, 0x97, 0x40 }, { 0xc9, 0xec, 0x85 },
    { 0x46, 0xc6, 0x57 }, { 0x15, 0x89, 0x68 }, { 0x2c, 0x5b, 0x6d }, { 0x22, 0x2a, 0x5c },
    { 0x56, 0x6a, 0x89 }, { 0x8b, 0xab, 0xbf }, { 0xcc, 0xe2, 0xe1 }, { 0xff, 0xdb, 0xa5 },
    { 0xcc, 0xac, 0x68 }, { 0xa3, 0x6d, 0x3e }, { 0x68, 0x3c, 0x34 }, { 0x00, 0x00, 0x00 },
    { 0x38, 0x00, 0x2c }, { 0x66, 0x3b, 0x93 }, { 0x8b, 0x72, 0xde }, { 0x9c, 0xd8, 0xfc },
    { 0x5e, 0x96, 0xdd }, { 0x39, 0x53, 0xc0 }, { 0x80, 0x0c, 0x53 }, { 0xc3, 0x4b, 0x91 },
    { 0xff, 0x94, 0xb3 }, { 0xbd, 0x1f, 0x3f }, { 0xec, 0x61, 0x4a }, { 0xff, 0xa4, 0x68 },
    { 0xff, 0xf6, 0xae }, { 0xff, 0xda, 0x70 }, { 0xf4, 0xb0, 0x3c }, { 0xff, 0xff, 0xff },
};

static const PaletteColor palette_slso8[] = {
    { 0x0d, 0x2b, 0x45 }, { 0x20, 0x3c, 0x56 }, { 0x54, 0x4e, 0x68 }, { 0x8d, 0x69, 0x7a },
    { 0xd0, 0x81, 0x59 }, { 0xff, 0xaa, 0x5e }, { 0xff, 0xd4, 0xa3 }, { 0xff, 0xec, 0xd6 },
};

static const PaletteColor palette_softmilk_32[] = {
    { 0x23, 0x21, 0x3d }, { 0xd9, 0x5b, 0x9a }, { 0x9e, 0x44, 0x91 }, { 0x63, 0x36, 0x62 },
    { 0x90, 0x3d, 0x62 }, { 0xbd, 0x51, 0x5a }, { 0xd6, 0x9a, 0x4e }, { 0xf3, 0xd0, 0x40 },
    { 0xff, 0xe8, 0x8c }, { 0xf2, 0xf2, 0xf0 }, { 0x94, 0xe0, 0x92 }, { 0x1f, 0x99, 0x83 },
    { 0x22, 0x63, 0x6b }, { 0x57, 0x54, 0x6f }, { 0xc5, 0x68, 0x76 }, { 0x76, 0x74, 0x7d },
    { 0x5c, 0x38, 0x41 }, { 0x94, 0x58, 0x48 }, { 0xd1, 0x7f, 0x6b }, { 0xeb, 0x9f, 0x7f },
    { 0xf1, 0xc2, 0x8f }, { 0xb9, 0xb5, 0xc3 }, { 0x45, 0x41, 0x94 }, { 0x42, 0x5b, 0xbd },
    { 0x48, 0x84, 0xd4 }, { 0x45, 0xa1, 0xde }, { 0x7c, 0xd8, 0xeb }, { 0xe2, 0xf2, 0x66 },
    { 0xc3, 0xd4, 0x42 }, { 0x82, 0xaa, 0x28 }, { 0x59, 0x7f, 0x1e }, { 0x37, 0x61, 0x29 },
};

static const PaletteColor palette_suez_30[] = {
    { 0xc4, 0xa7, 0x8b }, { 0x7d, 0x66, 0x5f }, { 0x49, 0x39, 0x36 }, { 0x20, 0x0d, 0x0a },
    { 0x5f, 0x23, 0x23 }, { 0x78, 0x31, 0x1d }, { 0x94, 0x4c, 0x2e }, { 0x83, 0x45, 0x3e },
    { 0xc3, 0x68, 0x46 }, { 0xe2, 0x93, 0x65 }, { 0xfb, 0xbb, 0x81 }, { 0xff, 0xdb, 0xa5 },
    { 0xff, 0xf3, 0xcd }, { 0xff, 0xff, 0xff }, { 0xff, 0xe8, 0x92 }, { 0xfb, 0xc6, 0x69 },
    { 0xdb, 0x64, 0x47 }, { 0xb3, 0x38, 0x2a }, { 0xe5, 0xe4, 0xb8 }, { 0xb3, 0xb8, 0x87 },
    { 0x6c, 0x87, 0x60 }, { 0x30, 0x5b, 0x46 }, { 0x30, 0x3c, 0x52 }, { 0xe4, 0xfb, 0xe2 },
    { 0xc3, 0xdb, 0xce }, { 0x89, 0xb5, 0xb0 }, { 0x5c, 0x81, 0x97 }, { 0x42, 0x59, 0x85 },
    { 0x40, 0x36, 0x75 }, { 0x23, 0x0d, 0x51 },
};

static const PaletteColor palette_sunshine_valley[] = {
    { 0x0e, 0x0e, 0x1a }, { 0x2b, 0x1f, 0x4d }, { 0x51, 0x31, 0x85 }, { 0x82, 0x35, 0xbd },
    { 0xc3, 0x6a, 0xc4 }, { 0xeb, 0x83, 0xdd }, { 0xf0, 0xc5, 0xdf }, { 0x93, 0xf0, 0xfa },
    { 0x76, 0xcc, 0xf5 }, { 0x51, 0xa6, 0xf0 }, { 0x37, 0x60, 0xc8 }, { 0x3c, 0x48, 0x91 },
    { 0x2c, 0x36, 0x61 }, { 0xf0, 0xba, 0xa3 }, { 0xd6, 0x96, 0x8b }, { 0xd1, 0x7e, 0x79 },
    { 0xb5, 0x6d, 0x77 }, { 0x96, 0x53, 0x67 }, { 0x85, 0x3e, 0x61 }, { 0x57, 0x35, 0x2c },
    { 0x78, 0x47, 0x35 }, { 0x9e, 0x64, 0x3f }, { 0xc7, 0x83, 0x50 }, { 0xd9, 0x9f, 0x66 },
    { 0xe6, 0xc0, 0x7e }, { 0xed, 0xf0, 0x67 }, { 0xd6, 0xb7, 0x51 }, { 0xbf, 0x87, 0x2c },
    { 0xb5, 0x67, 0x1f }, { 0x96, 0x3e, 0x1e }, { 0x80, 0x21, 0x14 }, { 0x61, 0x1b, 0x2a },
    { 0xb0, 0x2e, 0x3b }, { 0xde, 0x3c, 0x31 }, { 0xf5, 0x5e, 0x38 }, { 0xf7, 0x89, 0x52 },
    { 0xfc, 0xb1, 0x77 }, { 0xc8, 0xed, 0x8c }, { 0x86, 0xd4, 0x68 }, { 0x4c, 0xbd, 0x48 },
    { 0x3f, 0x8f, 0x4f }, { 0x36, 0x6e, 0x4d }, { 0x27, 0x4d, 0x41 }, { 0x22, 0x20, 0x2e },
    { 0x3b, 0x3d, 0x4d }, { 0x69, 0x72, 0x8a }, { 0x82, 0x94, 0xab }, { 0xab, 0xc7, 0xd9 },
    { 0xf5, 0xf8, 0xfa },
};

static const PaletteColor palette_sweet_canyon_extended_64[] = {
    { 0x0f, 0x0e, 0x11 }, { 0x2d, 0x2c, 0x33 }, { 0x40, 0x40, 0x4a }, { 0x51, 0x54, 0x5c },
    { 0x6b, 0x71, 0x79 }, { 0x7c, 0x83, 0x89 }, { 0xa8, 0xb2, 0xb6 }, { 0xd5, 0xd5, 0xd5 },
    { 0xee, 0xeb, 0xe0 }, { 0xf1, 0xdb, 0xb1 }, { 0xee, 0xc9, 0x9f }, { 0xe1, 0xa1, 0x7e },
    { 0xcc, 0x95, 0x62 }, { 0xab, 0x7b, 0x49 }, { 0x9a, 0x64, 0x3a }, { 0x86, 0x48, 0x2f },
    { 0x78, 0x3a, 0x29 }, { 0x6a, 0x33, 0x28 }, { 0x54, 0x1d, 0x29 }, { 0x42, 0x19, 0x2c },
    { 0x51, 0x22, 0x40 }, { 0x78, 0x23, 0x49 }, { 0x8b, 0x2e, 0x5d }, { 0xa9, 0x3e, 0x89 },
    { 0xd0, 0x62, 0xc8 }, { 0xec, 0x94, 0xea }, { 0xf2, 0xbd, 0xfc }, { 0xea, 0xeb, 0xff },
    { 0xa2, 0xfa, 0xfa }, { 0x64, 0xe7, 0xe7 }, { 0x54, 0xcf, 0xd8 }, { 0x2f, 0xb6, 0xc3 },
    { 0x2c, 0x89, 0xaf }, { 0x25, 0x73, 0x9d }, { 0x2a, 0x56, 0x84 }, { 0x21, 0x45, 0x74 },
    { 0x1f, 0x29, 0x66 }, { 0x10, 0x14, 0x45 }, { 0x3c, 0x0d, 0x3b }, { 0x66, 0x16, 0x4c },
    { 0x90, 0x1f, 0x3d }, { 0xbb, 0x30, 0x30 }, { 0xdc, 0x47, 0x3c }, { 0xec, 0x6a, 0x45 },
    { 0xfb, 0x9b, 0x41 }, { 0xf0, 0xc0, 0x4c }, { 0xf4, 0xd6, 0x6e }, { 0xff, 0xfb, 0x76 },
    { 0xcc, 0xf1, 0x7a }, { 0x97, 0xd9, 0x48 }, { 0x6f, 0xba, 0x3b }, { 0x22, 0x94, 0x43 },
    { 0x1d, 0x7e, 0x45 }, { 0x11, 0x65, 0x48 }, { 0x0c, 0x4f, 0x3f }, { 0x0a, 0x36, 0x39 },
    { 0x25, 0x17, 0x46 }, { 0x48, 0x24, 0x6d }, { 0x69, 0x18, 0x9c }, { 0x9f, 0x20, 0xc0 },
    { 0xe5, 0x27, 0xd2 }, { 0xff, 0x51, 0xcf }, { 0xff, 0x7a, 0xda }, { 0xff, 0x9e, 0xdb },
};

static const PaletteColor palette_sweet24[] = {
    { 0x2c, 0x49, 0x41 }, { 0x66, 0xa6, 0x50 }, { 0xb9, 0xd8, 0x50 }, { 0x82, 0xdc, 0xd7 },
    { 0x20, 0x8c, 0xb2 }, { 0x25, 0x33, 0x48 }, { 0x1d, 0x1b, 0x24 }, { 0x3a, 0x3a, 0x41 },
    { 0x7a, 0x75, 0x76 }, { 0xb5, 0x9a, 0x66 }, { 0xce, 0xc7, 0xb1 }, { 0xed, 0xef, 0xe2 },
    { 0xd7, 0x8b, 0x98 }, { 0xa1, 0x3d, 0x77 }, { 0x6d, 0x20, 0x47 }, { 0x3c, 0x1c, 0x43 },
    { 0x2c, 0x22, 0x28 }, { 0x5e, 0x37, 0x35 }, { 0x88, 0x5a, 0x44 }, { 0xb8, 0x56, 0x0f },
    { 0xdc, 0x98, 0x24 }, { 0xef, 0xcb, 0x84 }, { 0xe6, 0x85, 0x56 }, { 0xc0, 0x29, 0x31 },
};

static const PaletteColor palette_sweetie_16[] = {
    { 0x1a, 0x1c, 0x2c }, { 0x5d, 0x27, 0x5d }, { 0xb1, 0x3e, 0x53 }, { 0xef, 0x7d, 0x57 },
    { 0xff, 0xcd, 0x75 }, { 0xa7, 0xf0, 0x70 }, { 0x38, 0xb7, 0x64 }, { 0x25, 0x71, 0x79 },
    { 0x29, 0x36, 0x6f }, { 0x3b, 0x5d, 0xc9 }, { 0x41, 0xa6, 0xf6 }, { 0x73, 0xef, 0xf7 },
    { 0xf4, 0xf4, 0xf4 }, { 0x94, 0xb0, 0xc2 }, { 0x56, 0x6c, 0x86 }, { 0x33, 0x3c, 0x57 },
};

static const PaletteColor palette_tofu_20k[] = {
    { 0x12, 0x0a, 0x1a }, { 0x2a, 0x2a, 0x41 }, { 0x40, 0x48, 0x63 }, { 0x59, 0x60, 0x7a },
    { 0x78, 0x7d, 0x8b }, { 0x9d, 0xa5, 0xae }, { 0xc8, 0xd6, 0xac }, { 0xfe, 0xff, 0xe5 },
    { 0xe4, 0xcd, 0x5a }, { 0xd4, 0x97, 0x33 }, { 0xd6, 0x85, 0x52 }, { 0xbe, 0x5a, 0x1e },
    { 0x89, 0x48, 0x35 }, { 0x60, 0x26, 0x31 }, { 0x4b, 0x0c, 0x30 }, { 0x81, 0x17, 0x3f },
    { 0xcc, 0x18, 0x25 }, { 0xdc, 0x49, 0x26 }, { 0xf1, 0x93, 0x4c }, { 0xfa, 0xd5, 0xaf },
    { 0xed, 0x9d, 0x7c }, { 0xd1, 0x63, 0x63 }, { 0xb7, 0xab, 0x76 }, { 0xb5, 0x98, 0x57 },
    { 0x92, 0x6d, 0x3c }, { 0x8b, 0x5b, 0x37 }, { 0xff, 0x82, 0xa0 }, { 0xff, 0x26, 0xa8 },
    { 0x42, 0x24, 0x90 }, { 0x27, 0x49, 0xd0 }, { 0x44, 0x77, 0xff }, { 0x4c, 0xc5, 0xe4 },
    { 0x8b, 0xf5, 0xc6 }, { 0x85, 0xc4, 0x48 }, { 0x43, 0x9d, 0x40 }, { 0x29, 0x69, 0x4e },
};

static const PaletteColor palette_vga[] = {
    { 0x00, 0x00, 0x00 }, { 0x00, 0x00, 0xaa }, { 0x00, 0xaa, 0x00 }, { 0x00, 0xaa, 0xaa },
    { 0xaa, 0x00, 0x00 }, { 0xaa, 0x00, 0xaa }, { 0xaa, 0x55, 0x00 }, { 0xaa, 0xaa, 0xaa },
    { 0x55, 0x55, 0x55 }, { 0x55, 0x55, 0xff }, { 0x55, 0xff, 0x55 }, { 0x55, 0xff, 0xff },
    { 0xff, 0x55, 0x55 }, { 0xff, 0x55, 0xff }, { 0xff, 0xff, 0x55 }, { 0xff, 0xff, 0xff },
    { 0x00, 0x00, 0x00 }, { 0x14, 0x14, 0x14 }, { 0x20, 0x20, 0x20 }, { 0x2c, 0x2c, 0x2c },
    { 0x38, 0x38, 0x38 }, { 0x45, 0x45, 0x45 }, { 0x51, 0x51, 0x51 }, { 0x61, 0x61, 0x61 },
    { 0x71, 0x71, 0x71 }, { 0x82, 0x82, 0x82 }, { 0x92, 0x92, 0x92 }, { 0xa2, 0xa2, 0xa2 },
    { 0xb6, 0xb6, 0xb6 }, { 0xcb, 0xcb, 0xcb }, { 0xe3, 0xe3, 0xe3 }, { 0xff, 0xff, 0xff },
    { 0x00, 0x00, 0xff }, { 0x41, 0x00, 0xff }, { 0x7d, 0x00, 0xff }, { 0xbe, 0x00, 0xff },
    { 0xff, 0x00, 0xff }, { 0xff, 0x00, 0xbe }, { 0xff, 0x00, 0x7d }, { 0xff, 0x00, 0x41 },
    { 0xff, 0x00, 0x00 }, { 0xff, 0x41, 0x00 }, { 0xff, 0x7d, 0x00 }, { 0xff, 0xbe, 0x00 },
    { 0xff, 0xff, 0x00 }, { 0xbe, 0xff, 0x00 }, { 0x7d, 0xff, 0x00 }, { 0x41, 0xff, 0x00 },
    { 0x00, 0xff, 0x00 }, { 0x00, 0xff, 0x41 }, { 0x00, 0xff, 0x7d }, { 0x00, 0xff, 0xbe },
    { 0x00, 0xff, 0xff }, { 0x00, 0xbe, 0xff }, { 0x00, 0x7d, 0xff }, { 0x00, 0x41, 0xff },
    { 0x7d, 0x7d, 0xff }, { 0x9e, 0x7d, 0xff }, { 0xbe, 0x7d, 0xff }, { 0xdf, 0x7d, 0xff },
    { 0xff, 0x7d, 0xff }, { 0xff, 0x7d, 0xdf }, { 0xff, 0x7d, 0xbe }, { 0xff, 0x7d, 0x9e },
    { 0xff, 0x7d, 0x7d }, { 0xff, 0x9e, 0x7d }, { 0xff, 0xbe, 0x7d }, { 0xff, 0xdf, 0x7d },
    { 0xff, 0xff, 0x7d }, { 0xdf, 0xff, 0x7d }, { 0xbe, 0xff, 0x7d }, { 0x9e, 0xff, 0x7d },
    { 0x7d, 0xff, 0x7d }, { 0x7d, 0xff, 0x9e }, { 0x7d, 0xff, 0xbe }, { 0x7d, 0xff, 0xdf },
    { 0x7d, 0xff, 0xff }, { 0x7d, 0xdf, 0xff }, { 0x7d, 0xbe, 0xff }, { 0x7d, 0x9e, 0xff },
    { 0xb6, 0xb6, 0xff }, { 0xc7, 0xb6, 0xff }, { 0xdb, 0xb6, 0xff }, { 0xeb, 0xb6, 0xff },
    { 0xff, 0xb6, 0xff }, { 0xff, 0xb6, 0xeb }, { 0xff, 0xb6, 0xdb }, { 0xff, 0xb6, 0xc7 },
    { 0xff, 0xb6, 0xb6 }, { 0xff, 0xc7, 0xb6 }, { 0xff, 0xdb, 0xb6 }, { 0xff, 0xeb, 0xb6 },
    { 0xff, 0xff, 0xb6 }, { 0xeb, 0xff, 0xb6 }, { 0xdb, 0xff, 0xb6 }, { 0xc7, 0xff, 0xb6 },
    { 0xb6, 0xff, 0xb6 }, { 0xb6, 0xff, 0xc7 }, { 0xb6, 0xff, 0xdb }, { 0xb6, 0xff, 0xeb },
    { 0xb6, 0xff, 0xff }, { 0xb6, 0xeb, 0xff }, { 0xb6, 0xdb, 0xff }, { 0xb6, 0xc7, 0xff },
    { 0x00, 0x00, 0x71 }, { 0x1c, 0x00, 0x71 }, { 0x38, 0x00, 0x71 }, { 0x55, 0x00, 0x71 },
    { 0x71, 0x00, 0x71 }, { 0x71, 0x00, 0x55 }, { 0x71, 0x00, 0x38 }, { 0x71, 0x00, 0x1c },
    { 0x71, 0x00, 0x00 }, { 0x71, 0x1c, 0x00 }, { 0x71, 0x38, 0x00 }, { 0x71, 0x55, 0x00 },
    { 0x71, 0x71, 0x00 }, { 0x55, 0x71, 0x00 }, { 0x38, 0x71, 0x00 }, { 0x1c, 0x71, 0x00 },
    { 0x00, 0x71, 0x00 }, { 0x00, 0x71, 0x1c }, { 0x00, 0x71, 0x38 }, { 0x00, 0x71, 0x55 },
    { 0x00, 0x71, 0x71 }, { 0x00, 0x55, 0x71 }, { 0x00, 0x38, 0x71 }, { 0x00, 0x1c, 0x71 },
    { 0x38, 0x38, 0x71 }, { 0x45, 0x38, 0x71 }, { 0x55, 0x38, 0x71 }, { 0x61, 0x38, 0x71 },
    { 0x71, 0x38, 0x71 }, { 0x71, 0x38, 0x61 }, { 0x71, 0x38, 0x55 }, { 0x71, 0x38, 0x45 },
    { 0x71, 0x38, 0x38 }, { 0x71, 0x45, 0x38 }, { 0x71, 0x55, 0x38 }, { 0x71, 0x61, 0x38 },
    { 0x71, 0x71, 0x38 }, { 0x61, 0x71, 0x38 }, { 0x55, 0x71, 0x38 }, { 0x45, 0x71, 0x38 },
    { 0x38, 0x71, 0x38 }, { 0x38, 0x71, 0x45 }, { 0x38, 0x71, 0x55 }, { 0x38, 0x71, 0x61 },
    { 0x38, 0x71, 0x71 }, { 0x38, 0x61, 0x71 }, { 0x38, 0x55, 0x71 }, { 0x38, 0x45, 0x71 },
    { 0x51, 0x51, 0x71 }, { 0x59, 0x51, 0x71 }, { 0x61, 0x51, 0x71 }, { 0x69, 0x51, 0x71 },
    { 0x71, 0x51, 0x71 }, { 0x71, 0x51, 0x69 }, { 0x71, 0x51, 0x61 }, { 0x71, 0x51, 0x59 },
    { 0x71, 0x51, 0x51 }, { 0x71, 0x59, 0x51 }, { 0x71, 0x61, 0x51 }, { 0x71, 0x69, 0x51 },
    { 0x71, 0x71, 0x51 }, { 0x69, 0x71, 0x51 }, { 0x61, 0x71, 0x51 }, { 0x59, 0x71, 0x51 },
    { 0x51, 0x71, 0x51 }, { 0x51, 0x71, 0x59 }, { 0x51, 0x71, 0x61 }, { 0x51, 0x71, 0x69 },
    { 0x51, 0x71, 0x71 }, { 0x51, 0x69, 0x71 }, { 0x51, 0x61, 0x71 }, { 0x51, 0x59, 0x71 },
    { 0x00, 0x00, 0x41 }, { 0x10, 0x00, 0x41 }, { 0x20, 0x00, 0x41 }, { 0x30, 0x00, 0x41 },
    { 0x41, 0x00, 0x41 }, { 0x41, 0x00, 0x30 }, { 0x41, 0x00, 0x20 }, { 0x41, 0x00, 0x10 },
    { 0x41, 0x00, 0x00 }, { 0x41, 0x10, 0x00 }, { 0x41, 0x20, 0x00 }, { 0x41, 0x30, 0x00 },
    { 0x41, 0x41, 0x00 }, { 0x30, 0x41, 0x00 }, { 0x20, 0x41, 0x00 }, { 0x10, 0x41, 0x00 },
    { 0x00, 0x41, 0x00 }, { 0x00, 0x41, 0x10 }, { 0x00, 0x41, 0x20 }, { 0x00, 0x41, 0x30 },
    { 0x00, 0x41, 0x41 }, { 0x00, 0x30, 0x41 }, { 0x00, 0x20, 0x41 }, { 0x00, 0x10, 0x41 },
    { 0x20, 0x20, 0x41 }, { 0x28, 0x20, 0x41 }, { 0x30, 0x20, 0x41 }, { 0x38, 0x20, 0x41 },
    { 0x41, 0x20, 0x41 }, { 0x41, 0x20, 0x38 }, { 0x41, 0x20, 0x30 }, { 0x41, 0x20, 0x28 },
    { 0x41, 0x20, 0x20 }, { 0x41, 0x28, 0x20 }, { 0x41, 0x30, 0x20 }, { 0x41, 0x38, 0x20 },
    { 0x41, 0x41, 0x20 }, { 0x38, 0x41, 0x20 }, { 0x30, 0x41, 0x20 }, { 0x28, 0x41, 0x20 },
    { 0x20, 0x41, 0x20 }, { 0x20, 0x41, 0x28 }, { 0x20, 0x41, 0x30 }, { 0x20, 0x41, 0x38 },
    { 0x20, 0x41, 0x41 }, { 0x20, 0x38, 0x41 }, { 0x20, 0x30, 0x41 }, { 0x20, 0x28, 0x41 },
    { 0x2c, 0x2c, 0x41 }, { 0x30, 0x2c, 0x41 }, { 0x34, 0x2c, 0x41 }, { 0x3c, 0x2c, 0x41 },
    { 0x41, 0x2c, 0x41 }, { 0x41, 0x2c, 0x3c }, { 0x41, 0x2c, 0x34 }, { 0x41, 0x2c, 0x30 },
    { 0x41, 0x2c, 0x2c }, { 0x41, 0x30, 0x2c }, { 0x41, 0x34, 0x2c }, { 0x41, 0x3c, 0x2c },
    { 0x41, 0x41, 0x2c }, { 0x3c, 0x41, 0x2c }, { 0x34, 0x41, 0x2c }, { 0x30, 0x41, 0x2c },
    { 0x2c, 0x41, 0x2c }, { 0x2c, 0x41, 0x30 }, { 0x2c, 0x41, 0x34 }, { 0x2c, 0x41, 0x3c },
    { 0x2c, 0x41, 0x41 }, { 0x2c, 0x3c, 0x41 }, { 0x2c, 0x34, 0x41 }, { 0x2c, 0x30, 0x41 },
    { 0x00, 0x00, 0x00 }, { 0x00, 0x00, 0x00 }, { 0x00, 0x00, 0x00 }, { 0x00, 0x00, 0x00 },
    { 0x00, 0x00, 0x00 }, { 0x00, 0x00, 0x00 }, { 0x00, 0x00, 0x00 }, { 0x00, 0x00, 0x00 },
};

static const PaletteColor palette_vines_flexible_linear_ramps[] = {
    { 0x15, 0x0a, 0x1f }, { 0x28, 0x0b, 0x26 }, { 0x36, 0x10, 0x27 }, { 0x68, 0x18, 0x24 },
    { 0xb4, 0x23, 0x13 }, { 0xf4, 0x68, 0x0b }, { 0xf4, 0xc0, 0x47 }, { 0xff, 0xfd, 0xf0 },
    { 0x0c, 0x13, 0x27 }, { 0x03, 0x28, 0x2b }, { 0x09, 0x49, 0x3f }, { 0x11, 0x83, 0x37 },
    { 0x57, 0xc5, 0x2b }, { 0xb9, 0xed, 0x5e }, { 0x1a, 0x11, 0x2e }, { 0x29, 0x19, 0x45 },
    { 0x5e, 0x1c, 0x5a }, { 0x8f, 0x17, 0x67 }, { 0xf4, 0x5d, 0x92 }, { 0xfe, 0xb5, 0x8b },
    { 0x0e, 0x09, 0x2f }, { 0x1b, 0x18, 0x53 }, { 0x22, 0x2d, 0x81 }, { 0x46, 0x5b, 0xe7 },
    { 0x2a, 0xc0, 0xf2 }, { 0x7d, 0xf2, 0xcf }, { 0x22, 0x0c, 0x27 }, { 0x2f, 0x13, 0x16 },
    { 0x43, 0x1e, 0x1e }, { 0x74, 0x34, 0x1a }, { 0xaf, 0x5d, 0x23 }, { 0xf8, 0x99, 0x3a },
    { 0x19, 0x10, 0x2e }, { 0x24, 0x1e, 0x44 }, { 0x25, 0x31, 0x5e }, { 0x3a, 0x5c, 0x85 },
    { 0x56, 0xa1, 0xbf }, { 0x97, 0xdb, 0xd2 },
};

static const PaletteColor palette_vinik24[] = {
    { 0x00, 0x00, 0x00 }, { 0x6f, 0x67, 0x76 }, { 0x9a, 0x9a, 0x97 }, { 0xc5, 0xcc, 0xb8 },
    { 0x8b, 0x55, 0x80 }, { 0xc3, 0x88, 0x90 }, { 0xa5, 0x93, 0xa5 }, { 0x66, 0x60, 0x92 },
    { 0x9a, 0x4f, 0x50 }, { 0xc2, 0x8d, 0x75 }, { 0x7c, 0xa1, 0xc0 }, { 0x41, 0x6a, 0xa3 },
    { 0x8d, 0x62, 0x68 }, { 0xbe, 0x95, 0x5c }, { 0x68, 0xac, 0xa9 }, { 0x38, 0x70, 0x80 },
    { 0x6e, 0x69, 0x62 }, { 0x93, 0xa1, 0x67 }, { 0x6e, 0xaa, 0x78 }, { 0x55, 0x70, 0x64 },
    { 0x9d, 0x9f, 0x7f }, { 0x7e, 0x9e, 0x99 }, { 0x5d, 0x68, 0x72 }, { 0x43, 0x34, 0x55 },
};

static const PaletteColor palette_winter_wonderland[] = {
    { 0x20, 0x28, 0x4e }, { 0x2c, 0x4a, 0x78 }, { 0x38, 0x75, 0xa1 }, { 0x8b, 0xca, 0xdd },
    { 0xff, 0xff, 0xff }, { 0xd6, 0xe1, 0xe9 }, { 0xa7, 0xbc, 0xc9 }, { 0x73, 0x8d, 0x9d },
};

static const PaletteColor palette_zughy_32[] = {
    { 0x47, 0x2d, 0x3c }, { 0x5e, 0x36, 0x43 }, { 0x7a, 0x44, 0x4a }, { 0xa0, 0x5b, 0x53 },
    { 0xbf, 0x79, 0x58 }, { 0xee, 0xa1, 0x60 }, { 0xf4, 0xcc, 0xa1 }, { 0xb6, 0xd5, 0x3c },
    { 0x71, 0xaa, 0x34 }, { 0x39, 0x7b, 0x44 }, { 0x3c, 0x59, 0x56 }, { 0x30, 0x2c, 0x2e },
    { 0x5a, 0x53, 0x53 }, { 0x7d, 0x70, 0x71 }, { 0xa0, 0x93, 0x8e }, { 0xcf, 0xc6, 0xb8 },
    { 0xdf, 0xf6, 0xf5 }, { 0x8a, 0xeb, 0xf1 }, { 0x28, 0xcc, 0xdf }, { 0x39, 0x78, 0xa8 },
    { 0x39, 0x47, 0x78 }, { 0x39, 0x31, 0x4b }, { 0x56, 0x40, 0x64 }, { 0x8e, 0x47, 0x8c },
    { 0xcd, 0x60, 0x93 }, { 0xff, 0xae, 0xb6 }, { 0xf4, 0xb4, 0x1b }, { 0xf4, 0x7e, 0x1b },
    { 0xe6, 0x48, 0x2e }, { 0xa9, 0x3b, 0x3b }, { 0x82, 0x70, 0x94 }, { 0x4f, 0x54, 0x6b },
};

static const PaletteDefinition builtin_palettes[] = {
    { "1bit_monitor_glow", palette_p_1bit_monitor_glow, 2 },
    { "aap_64", palette_aap_64, 64 },
    { "aerugo", palette_aerugo, 32 },
    { "apollo", palette_apollo, 46 },
    { "blk_neo", palette_blk_neo, 46 },
    { "calm_sunset", palette_calm_sunset, 7 },
    { "carnival_32", palette_carnival_32, 32 },
    { "cc_29", palette_cc_29, 29 },
    { "cga_palette_1_high", palette_cga_palette_1_high, 4 },
    { "cling", palette_cling, 44 },
    { "cloudy_28", palette_cloudy_28, 28 },
    { "color_graphics_adapter", palette_color_graphics_adapter, 16 },
    { "colordome_32", palette_colordome_32, 32 },
    { "comicscapes_50", palette_comicscapes_50, 50 },
    { "crimson", palette_crimson, 4 },
    { "cryptic_ocean", palette_cryptic_ocean, 6 },
    { "darkvania", palette_darkvania, 32 },
    { "daydream_20", palette_daydream_20, 20 },
    { "dreamscape8", palette_dreamscape8, 8 },
    { "ega_com_extended", palette_ega_com_extended, 20 },
    { "eggdealer6", palette_eggdealer6, 6 },
    { "endesga_32", palette_endesga_32, 32 },
    { "endesga_64", palette_endesga_64, 64 },
    { "eroge_copper", palette_eroge_copper, 16 },
    { "famicube", palette_famicube, 64 },
    { "fantasy_24", palette_fantasy_24, 24 },
    { "faraway48", palette_faraway48, 48 },
    { "fleja_master_palette", palette_fleja_master_palette, 33 },
    { "florentine24", palette_florentine24, 24 },
    { "funny31", palette_funny31, 31 },
    { "galaxy_flame", palette_galaxy_flame, 16 },
    { "gob_48", palette_gob_48, 48 },
    { "gora63", palette_gora63, 63 },
    { "hept32", palette_hept32, 32 },
    { "hot_sand_6", palette_hot_sand_6, 6 },
    { "ice_cream_gb", palette_ice_cream_gb, 4 },
    { "inkpink", palette_inkpink, 6 },
    { "journey", palette_journey, 64 },
    { "juice56", palette_juice56, 56 },
    { "kawaii16", palette_kawaii16, 16 },
    { "koni32", palette_koni32, 32 },
    { "linear_color_palette_basic", palette_linear_color_palette_basic, 31 },
    { "lospec500", palette_lospec500, 42 },
    { "lost_century", palette_lost_century, 16 },
    { "lux2k", palette_lux2k, 36 },
    { "lux3k", palette_lux3k, 38 },
    { "midnight_ablaze", palette_midnight_ablaze, 7 },
    { "mojave20", palette_mojave20, 20 },
    { "mort_vs_zughy", palette_mort_vs_zughy, 47 },
    { "mulfok32", palette_mulfok32, 32 },
    { "na16", palette_na16, 16 },
    { "nanner_16", palette_nanner_16, 16 },
    { "nanner_pancakes", palette_nanner_pancakes, 32 },
    { "nes_advanced", palette_nes_advanced, 55 },
    { "nirvana_7", palette_nirvana_7, 7 },
    { "nyx8", palette_nyx8, 8 },
    { "oil_6", palette_oil_6, 6 },
    { "paper_8", palette_paper_8, 8 },
    { "paradise_30", palette_paradise_30, 30 },
    { "pastel_qt", palette_pastel_qt, 7 },
    { "pax_24", palette_pax_24, 24 },
    { "pear36", palette_pear36, 36 },
    { "pico_8", palette_pico_8, 16 },
    { "pineapple_32", palette_pineapple_32, 32 },
    { "pollen8", palette_pollen8, 8 },
    { "punolite_plus", palette_punolite_plus, 25 },
    { "punolite_plus_plus", palette_punolite_plus_plus, 32 },
    { "purplemorning8", palette_purplemorning8, 8 },
    { "resurrect_64", palette_resurrect_64, 64 },
    { "retrobubble", palette_retrobubble, 16 },
    { "retrocal_8", palette_retrocal_8, 8 },
    { "rustic_gb", palette_rustic_gb, 4 },
    { "ry_64", palette_ry_64, 64 },
    { "shanty", palette_shanty, 48 },
    { "sheltzy32", palette_sheltzy32, 32 },
    { "slso8", palette_slso8, 8 },
    { "softmilk_32", palette_softmilk_32, 32 },
    { "suez_30", palette_suez_30, 30 },
    { "sunshine_valley", palette_sunshine_valley, 49 },
    { "sweet_canyon_extended_64", palette_sweet_canyon_extended_64, 64 },
    { "sweet24", palette_sweet24, 24 },
    { "sweetie_16", palette_sweetie_16, 16 },
    { "tofu_20k", palette_tofu_20k, 36 },
    { "vga", palette_vga, 256 },
    { "vines_flexible_linear_ramps", palette_vines_flexible_linear_ramps, 38 },
    { "vinik24", palette_vinik24, 24 },
    { "winter_wonderland", palette_winter_wonderland, 8 },
    { "zughy_32", palette_zughy_32, 32 },
};
/* PIXELRAM_PALETTES_END */
typedef struct {
    bool initialized;

    int width;
    int height;
    int pitch;

    pixel_mode mode;

    unsigned char *framebuffer;
    size_t framebuffer_size;

    Color palette[256];
    Color *rgba;

    Texture2D texture;

    int target_fps;
    double next_present_time;

    bool mouse_relative;
    bool explicit_presented;

    pixel_key_event key_queue[PIXELRAM_KEY_QUEUE_SIZE];
    unsigned int key_read;
    unsigned int key_write;

    /*
     * Browser key transitions captured during present().
     * They describe exactly one program frame.
     */
    bool key_pressed_frame[PIXELRAM_KEY_STATE_SIZE];
    bool key_released_frame[PIXELRAM_KEY_STATE_SIZE];

    unsigned int mouse_pressed_frame;
    unsigned int mouse_released_frame;
} PixelRAM_State;

static PixelRAM_State pr = {0};

#ifdef PLATFORM_WEB

static int web_mouse_x = 0;
static int web_mouse_y = 0;
static int web_mouse_dx = 0;
static int web_mouse_dy = 0;
static bool web_mouse_position_valid = false;

static unsigned int web_mouse_buttons_down = 0;
static unsigned int web_mouse_pressed_pending = 0;
static unsigned int web_mouse_released_pending = 0;

EMSCRIPTEN_KEEPALIVE
void pixelram_web_mouse_position(int x, int y) {
    if (web_mouse_position_valid && !pr.mouse_relative) {
        web_mouse_dx += x - web_mouse_x;
        web_mouse_dy += y - web_mouse_y;
    }

    web_mouse_x = x;
    web_mouse_y = y;
    web_mouse_position_valid = true;
}

EMSCRIPTEN_KEEPALIVE
void pixelram_web_mouse_button(int button, int down) {
    if (button < 0 || button >= 3)
        return;

    unsigned int mask = 1u << (unsigned int)button;

    if (down) {
        if (!(web_mouse_buttons_down & mask))
            web_mouse_pressed_pending |= mask;
        web_mouse_buttons_down |= mask;
    } else {
        if (web_mouse_buttons_down & mask)
            web_mouse_released_pending |= mask;
        web_mouse_buttons_down &= ~mask;
    }
}

/* Called by the small JavaScript bridge above while pointer lock is active. */
EMSCRIPTEN_KEEPALIVE
void pixelram_web_mouse_move(int dx, int dy) {
    if (!pr.mouse_relative)
        return;
    web_mouse_dx += dx;
    web_mouse_dy += dy;
}

EMSCRIPTEN_KEEPALIVE
void pixelram_web_pointer_lock_changed(int locked) {
    (void)locked;

    web_mouse_dx = 0;
    web_mouse_dy = 0;
}

#endif

typedef struct {
    pixel_key code;
    int raylib;
} KeyMap;

/*
 * All keys for which the PixelRAM layer generates transition events.
 */
static const KeyMap key_map[] = {
    { pixel_key_0, KEY_ZERO },
    { pixel_key_1, KEY_ONE },
    { pixel_key_2, KEY_TWO },
    { pixel_key_3, KEY_THREE },
    { pixel_key_4, KEY_FOUR },
    { pixel_key_5, KEY_FIVE },
    { pixel_key_6, KEY_SIX },
    { pixel_key_7, KEY_SEVEN },
    { pixel_key_8, KEY_EIGHT },
    { pixel_key_9, KEY_NINE },

    { pixel_key_a, KEY_A },
    { pixel_key_b, KEY_B },
    { pixel_key_c, KEY_C },
    { pixel_key_d, KEY_D },
    { pixel_key_e, KEY_E },
    { pixel_key_f, KEY_F },
    { pixel_key_g, KEY_G },
    { pixel_key_h, KEY_H },
    { pixel_key_i, KEY_I },
    { pixel_key_j, KEY_J },
    { pixel_key_k, KEY_K },
    { pixel_key_l, KEY_L },
    { pixel_key_m, KEY_M },
    { pixel_key_n, KEY_N },
    { pixel_key_o, KEY_O },
    { pixel_key_p, KEY_P },
    { pixel_key_q, KEY_Q },
    { pixel_key_r, KEY_R },
    { pixel_key_s, KEY_S },
    { pixel_key_t, KEY_T },
    { pixel_key_u, KEY_U },
    { pixel_key_v, KEY_V },
    { pixel_key_w, KEY_W },
    { pixel_key_x, KEY_X },
    { pixel_key_y, KEY_Y },
    { pixel_key_z, KEY_Z },

    { pixel_key_minus,         KEY_MINUS },
    { pixel_key_equals,        KEY_EQUAL },
    { pixel_key_comma,         KEY_COMMA },
    { pixel_key_period,        KEY_PERIOD },
    { pixel_key_slash,         KEY_SLASH },
    { pixel_key_semicolon,     KEY_SEMICOLON },
    { pixel_key_apostrophe,    KEY_APOSTROPHE },
    { pixel_key_left_bracket,  KEY_LEFT_BRACKET },
    { pixel_key_right_bracket, KEY_RIGHT_BRACKET },
    { pixel_key_grave,         KEY_GRAVE },

    { pixel_key_escape,    KEY_ESCAPE },
    { pixel_key_space,     KEY_SPACE },
    { pixel_key_enter,     KEY_ENTER },
    { pixel_key_tab,       KEY_TAB },
    { pixel_key_backspace, KEY_BACKSPACE },

    { pixel_key_left,      KEY_LEFT },
    { pixel_key_right,     KEY_RIGHT },
    { pixel_key_up,        KEY_UP },
    { pixel_key_down,      KEY_DOWN },

    { pixel_key_insert,    KEY_INSERT },
    { pixel_key_home,      KEY_HOME },
    { pixel_key_page_up,   KEY_PAGE_UP },
    { pixel_key_delete,    KEY_DELETE },
    { pixel_key_end,       KEY_END },
    { pixel_key_page_down, KEY_PAGE_DOWN },

    /*
    * Left/right modifiers are intentionally folded into one PixelRAM key.
    * The transition pump below handles both physical sides.
    */

    { pixel_key_f1,  KEY_F1 },
    { pixel_key_f2,  KEY_F2 },
    { pixel_key_f3,  KEY_F3 },
    { pixel_key_f4,  KEY_F4 },
    { pixel_key_f5,  KEY_F5 },
    { pixel_key_f6,  KEY_F6 },
    { pixel_key_f7,  KEY_F7 },
    { pixel_key_f8,  KEY_F8 },
    { pixel_key_f9,  KEY_F9 },
    { pixel_key_f10, KEY_F10 },
    { pixel_key_f11, KEY_F11 },
    { pixel_key_f12, KEY_F12 }
};

static int bytes_per_pixel(pixel_mode mode) {
    switch (mode) {
        case pixel_indexed8: return 1;
        case pixel_rgb565:   return 2;
        case pixel_rgb24:    return 3;
        case pixel_rgba32:   return 4;
        default:           return 0;
    }
}

static int raylib_key(pixel_key key) {
    for (size_t i = 0; i < sizeof(key_map) / sizeof(key_map[0]); i++) {
        if (key_map[i].code == key)
            return key_map[i].raylib;
    }

    switch (key) {
        case pixel_key_shift:
            return KEY_LEFT_SHIFT;
        case pixel_key_ctrl:
            return KEY_LEFT_CONTROL;
        case pixel_key_alt:
            return KEY_LEFT_ALT;
        default:
            return KEY_NULL;
    }
}

static bool modifier_down(int left, int right) {
    return IsKeyDown(left) || IsKeyDown(right);
}

static bool modifier_pressed(int left, int right) {
    return IsKeyPressed(left) || IsKeyPressed(right);
}

static bool modifier_released(int left, int right) {
    /*
     * Only report "modifier released" when neither side is still held.
     */
    return (IsKeyReleased(left) || IsKeyReleased(right)) && !modifier_down(left, right);
}

static void queue_key_event(pixel_key key, bool pressed) {
    if ((int)key >= 0 && (int)key < PIXELRAM_KEY_STATE_SIZE) {
        if (pressed)
            pr.key_pressed_frame[(int)key] = true;
        else
            pr.key_released_frame[(int)key] = true;
    }

    unsigned int next = (pr.key_write + 1) % PIXELRAM_KEY_QUEUE_SIZE;

    /*
     * If full, drop the oldest event rather than blocking rendering.
     */
    if (next == pr.key_read) {
        pr.key_read = (pr.key_read + 1) % PIXELRAM_KEY_QUEUE_SIZE;
    }
    pr.key_queue[pr.key_write] = (pixel_key_event){
        .key = key,
        .pressed = pressed
    };
    pr.key_write = next;
}

static void pump_key_events(void) {
    memset(pr.key_pressed_frame, 0, sizeof(pr.key_pressed_frame));
    memset(pr.key_released_frame, 0, sizeof(pr.key_released_frame));

#ifdef PLATFORM_WEB
    /*
     * raylib/GLFW tracks browser keys globally, so DOM stopPropagation() on
     * the ARGS input is not sufficient.  While an HTML text field owns the
     * keyboard, drop PixelRAM's queued game events as well.
     */
    if (pixelram_web_text_input_active()) {
        pr.key_read = pr.key_write;
        return;
    }
#endif

    for (size_t i = 0; i < sizeof(key_map) / sizeof(key_map[0]); i++) {
        int key = key_map[i].raylib;
        if (IsKeyPressed(key)) {
            queue_key_event(key_map[i].code, true);
        }

        if (IsKeyReleased(key)) {
            queue_key_event(key_map[i].code, false);
        }
    }

    if (modifier_pressed(KEY_LEFT_SHIFT, KEY_RIGHT_SHIFT)) {
        queue_key_event(pixel_key_shift, true);
    }

    if (modifier_released(KEY_LEFT_SHIFT, KEY_RIGHT_SHIFT)) {
        queue_key_event(pixel_key_shift, false);
    }

    if (modifier_pressed(KEY_LEFT_CONTROL, KEY_RIGHT_CONTROL)) {
        queue_key_event(pixel_key_ctrl, true);
    }

    if (modifier_released(KEY_LEFT_CONTROL, KEY_RIGHT_CONTROL)) {
        queue_key_event(pixel_key_ctrl, false);
    }

    if (modifier_pressed(KEY_LEFT_ALT, KEY_RIGHT_ALT)) {
        queue_key_event(pixel_key_alt, true);
    }

    if (modifier_released(KEY_LEFT_ALT, KEY_RIGHT_ALT)) {
        queue_key_event(pixel_key_alt, false);
    }
}

#ifdef PLATFORM_WEB
static void pump_mouse_events(void) {
    pr.mouse_pressed_frame = web_mouse_pressed_pending;
    pr.mouse_released_frame = web_mouse_released_pending;

    web_mouse_pressed_pending = 0;
    web_mouse_released_pending = 0;
}
#endif

static void make_default_palette(void) {
    (void)use_palette("vga");
}

bool screen_open(int width, int height, pixel_mode mode, const char *title) {
    if (pr.initialized || width <= 0 || height <= 0) {
        return false;
    }
    int bpp = bytes_per_pixel(mode);
    if (bpp == 0)
        return false;
    pr.width = width;
    pr.height = height;
    pr.pitch = width * bpp;
    pr.mode = mode;
    pr.framebuffer_size = (size_t)pr.pitch * (size_t)height;
    pr.framebuffer = (unsigned char *)calloc(1, pr.framebuffer_size);
    pr.rgba = (Color *)calloc((size_t)width * (size_t)height, sizeof(Color));
    if (!pr.framebuffer || !pr.rgba) {
        free(pr.framebuffer);
        free(pr.rgba);
        memset(&pr, 0, sizeof(pr));
        return false;
    }
    make_default_palette();
    SetTraceLogLevel(LOG_WARNING);
    InitWindow(width, height, title ? title : "PixelRAM");

    /*
     * Escape belongs to the program. It must not make raylib close
     * the window automatically; DOOM in particular needs it for menus.
     */
    SetExitKey(KEY_NULL);

#ifdef PLATFORM_WEB
    pixelram_install_web_handlers();
#endif

    Image image = {
        .data = pr.rgba,
        .width = width,
        .height = height,
        .mipmaps = 1,
        .format = PIXELFORMAT_UNCOMPRESSED_R8G8B8A8
    };
    pr.texture = LoadTextureFromImage(image);
    if (pr.texture.id == 0) {
        CloseWindow();
        free(pr.framebuffer);
        free(pr.rgba);
        memset(&pr, 0, sizeof(pr));
        return false;
    }
    SetTextureFilter(pr.texture, TEXTURE_FILTER_POINT);
    pr.target_fps = 60;
    pr.next_present_time = GetTime() + 1.0 / 60.0;

#ifndef PLATFORM_WEB
    SetTargetFPS(pr.target_fps);
#endif

    pr.initialized = true;
    pr.mouse_relative = false;
    pr.explicit_presented = false;

#ifdef PLATFORM_WEB
    web_mouse_x = 0;
    web_mouse_y = 0;
    web_mouse_dx = 0;
    web_mouse_dy = 0;
    web_mouse_position_valid = false;
    web_mouse_buttons_down = 0;
    web_mouse_pressed_pending = 0;
    web_mouse_released_pending = 0;
    pr.mouse_pressed_frame = 0;
    pr.mouse_released_frame = 0;
#endif

    set_pixel_aspect(1.0f);
    return true;
}

bool screen_set_mode(int width, int height, pixel_mode mode) {
    if (!pr.initialized || width <= 0 || height <= 0) {
        return false;
    }
    int bpp = bytes_per_pixel(mode);
    if (bpp == 0)
        return false;
    if (width == pr.width && height == pr.height && mode == pr.mode) {
        return true;
    }
    int new_pitch = width * bpp;
    size_t new_framebuffer_size = (size_t)new_pitch * (size_t)height;
    unsigned char *new_framebuffer = (unsigned char *)calloc(1, new_framebuffer_size);
    Color *new_rgba = (Color *)calloc((size_t)width * (size_t)height, sizeof(Color));
    if (!new_framebuffer || !new_rgba) {
        free(new_framebuffer);
        free(new_rgba);
        return false;
    }
    Image image = {
        .data = new_rgba,
        .width = width,
        .height = height,
        .mipmaps = 1,
        .format = PIXELFORMAT_UNCOMPRESSED_R8G8B8A8
    };
    Texture2D new_texture = LoadTextureFromImage(image);
    if (new_texture.id == 0) {
        free(new_framebuffer);
        free(new_rgba);
        return false;
    }
    SetTextureFilter(new_texture, TEXTURE_FILTER_POINT);
    UnloadTexture(pr.texture);
    free(pr.framebuffer);
    free(pr.rgba);
    pr.width = width;
    pr.height = height;
    pr.pitch = new_pitch;
    pr.mode = mode;
    pr.framebuffer = new_framebuffer;
    pr.framebuffer_size = new_framebuffer_size;
    pr.rgba = new_rgba;
    pr.texture = new_texture;

    /* Update the window/canvas backing size after a mode change. */
    SetWindowSize(width, height);
    return true;
}

void screen_close(void) {
    if (!pr.initialized)
        return;
    UnloadTexture(pr.texture);
    free(pr.framebuffer);
    free(pr.rgba);
    CloseWindow();
    memset(&pr, 0, sizeof(pr));
}

bool should_close(void) {
    return !pr.initialized || WindowShouldClose();
}

void set_title(const char *title) {
    if (pr.initialized && title) {
        SetWindowTitle(title);
    }
}

void *framebuffer(void) {
#ifdef PLATFORM_WEB
    if (pr.initialized && !pr.explicit_presented)
        pixelram_schedule_auto_present_js();
#endif
    return pr.framebuffer;
}

int screen_width(void) {
    return pr.width;
}

int screen_height(void) {
    return pr.height;
}

int screen_pitch(void) {
    return pr.pitch;
}

size_t framebuffer_size(void) {
    return pr.framebuffer_size;
}

pixel_mode screen_mode(void) {
    return pr.mode;
}

void set_palette(int index, uint8_t r, uint8_t g, uint8_t b) {
    if (index < 0 || index > 255) {
        return;
    }
    pr.palette[index] = (Color){
        r, g, b, 255
    };
#ifdef PLATFORM_WEB
    if (pr.initialized && !pr.explicit_presented)
        pixelram_schedule_auto_present_js();
#endif
}

void get_palette(int index, uint8_t *r, uint8_t *g, uint8_t *b) {
    uint8_t rr = 0;
    uint8_t gg = 0;
    uint8_t bb = 0;
    if (index >= 0 && index < 256) {
        rr = pr.palette[index].r;
        gg = pr.palette[index].g;
        bb = pr.palette[index].b;
    }

    if (r) *r = rr;
    if (g) *g = gg;
    if (b) *b = bb;
}

bool use_palette(const char *name) {
    if (!name)
        return false;
    int count = (int)(sizeof(builtin_palettes) / sizeof(builtin_palettes[0]));
    for (int i = 0; i < count; i++) {
        const PaletteDefinition *palette = &builtin_palettes[i];
        if (strcmp(name, palette->name) != 0)
            continue;
        for (int j = 0; j < 256; j++)
            pr.palette[j] = (Color){ 0, 0, 0, 255 };
        int colors = palette->count < 256 ? palette->count : 256;
        for (int j = 0; j < colors; j++) {
            pr.palette[j] = (Color){
                palette->colors[j].r, palette->colors[j].g, palette->colors[j].b, 255
            };
        }
#ifdef PLATFORM_WEB
        if (pr.initialized && !pr.explicit_presented)
            pixelram_schedule_auto_present_js();
#endif
        return true;
    }
    return false;
}

int palette_count(void) {
    return (int)(sizeof(builtin_palettes) / sizeof(builtin_palettes[0]));
}

const char *palette_name(int index) {
    if (index < 0 || index >= palette_count())
        return NULL;
    return builtin_palettes[index].name;
}

void set_pixel_aspect(float ratio) {
    if (ratio <= 0.0f)
        ratio = 1.0f;

#ifdef PLATFORM_WEB
    pixelram_set_pixel_aspect_js((double)ratio);
#else
    (void)ratio;
#endif
}

void set_fullscreen(bool enabled) {
#ifdef PLATFORM_WEB
    pixelram_set_fullscreen_js(enabled ? 1 : 0);
#else
    if (pr.initialized && IsWindowFullscreen() != enabled)
        ToggleFullscreen();
#endif
}

static void framebuffer_to_rgba(void) {
    size_t count = (size_t)pr.width * (size_t)pr.height;
    switch (pr.mode) {
        case pixel_indexed8: {
            const uint8_t *src = (const uint8_t *)pr.framebuffer;
            for (size_t i = 0; i < count; i++) {
                pr.rgba[i] = pr.palette[src[i]];
            }
            break;
        }
        case pixel_rgb565: {
            const uint16_t *src = (const uint16_t *)pr.framebuffer;
            for (size_t i = 0; i < count; i++) {
                uint16_t p = src[i];
                unsigned int r5 = (p >> 11) & 0x1f;
                unsigned int g6 = (p >> 5) & 0x3f;
                unsigned int b5 = p & 0x1f;
                pr.rgba[i] = (Color){
                    (unsigned char)((r5 * 255u + 15u) / 31u),
                    (unsigned char)((g6 * 255u + 31u) / 63u),
                    (unsigned char)((b5 * 255u + 15u) / 31u),
                    255
                };
            }
            break;
        }
        case pixel_rgb24: {
            const uint8_t *src = (const uint8_t *)pr.framebuffer;
            for (size_t i = 0; i < count; i++) {
                pr.rgba[i] = (Color){
                    src[i * 3 + 0], src[i * 3 + 1], src[i * 3 + 2], 255
                };
            }
            break;
        }
        case pixel_rgba32: {
            const uint8_t *src = (const uint8_t *)pr.framebuffer;
            for (size_t i = 0; i < count; i++) {
                pr.rgba[i] = (Color){
                    src[i * 4 + 0], src[i * 4 + 1], src[i * 4 + 2], src[i * 4 + 3]
                };
            }
            break;
        }
    }
}

void wait_vblank(void) {
#ifdef PLATFORM_WEB
    pixelram_wait_animation_frame();
#endif
}

void set_target_fps(int fps) {
    if (!pr.initialized)
        return;
    if (fps < 0)
        fps = 0;
    pr.target_fps = fps;

#ifdef PLATFORM_WEB
    if (fps > 0) {
        pr.next_present_time = GetTime() + 1.0 / (double)fps;
    } else {
        pr.next_present_time = 0.0;
    }
#else
    if (pr.initialized)
        SetTargetFPS(fps);
#endif
}

#ifdef PLATFORM_WEB
static void wait_for_target_frame(void) {
    /*
     * Browser presentation is synchronized to requestAnimationFrame().
     * For targets below the display refresh rate, wait through enough
     * animation frames to reach the next requested presentation time.
     * A small tolerance avoids accidentally skipping an extra refresh
     * because of timer rounding at common rates such as 60 Hz.
     */
    wait_vblank();
    if (pr.target_fps <= 0)
        return;
    const double tolerance = 0.001;
    double now = GetTime();
    while (now + tolerance < pr.next_present_time) {
        wait_vblank();
        now = GetTime();
    }
    const double interval = 1.0 / (double)pr.target_fps;
    pr.next_present_time += interval;

    /*
     * If a frame took much longer than expected, restart the schedule
     * from now instead of trying to catch up with a burst of frames.
     */
    if (pr.next_present_time < now - interval) {
        pr.next_present_time = now + interval;
    }
}
#endif

void sleep_ms(uint32_t ms) {
#ifdef PLATFORM_WEB
    pixelram_sleep_ms_js((unsigned int)ms);
#else
    WaitTime((double)ms / 1000.0);
#endif
}

static void present_current_frame(void) {
    /* raylib clears one-frame input transitions in EndDrawing(). */
    pump_key_events();
#ifdef PLATFORM_WEB
    pump_mouse_events();
#endif
    framebuffer_to_rgba();

#ifdef PLATFORM_WEB
    pixelram_capture_frame_js(
        (const unsigned char *)pr.rgba,
        pr.width,
        pr.height
    );
#endif

    UpdateTexture(pr.texture, pr.rgba);
    BeginDrawing();
    ClearBackground(BLACK);
    DrawTexture(pr.texture, 0, 0, WHITE);
    EndDrawing();
}

#ifdef PLATFORM_WEB
EMSCRIPTEN_KEEPALIVE
void pixelram_web_auto_present(void) {
    if (!pr.initialized || pr.explicit_presented)
        return;

    /*
     * Before a program opts into explicit present(), display framebuffer
     * changes on the next browser frame. Tiny one-shot examples therefore
     * work naturally while games keep explicit double buffering.
     */
    present_current_frame();
}
#endif

void present(void) {
    if (!pr.initialized)
        return;

    pr.explicit_presented = true;

#ifdef PLATFORM_WEB
    wait_for_target_frame();
#endif

    present_current_frame();
}

bool key_down(pixel_key key) {
#ifdef PLATFORM_WEB
    if (pixelram_web_text_input_active())
        return false;
#endif
    switch (key) {
        case pixel_key_shift:
            return modifier_down(KEY_LEFT_SHIFT, KEY_RIGHT_SHIFT);
        case pixel_key_ctrl:
            return modifier_down(KEY_LEFT_CONTROL, KEY_RIGHT_CONTROL);
        case pixel_key_alt:
            return modifier_down(KEY_LEFT_ALT, KEY_RIGHT_ALT);
        default: {
            int k = raylib_key(key);
            return (k != KEY_NULL) && IsKeyDown(k);
        }
    }
}

bool key_pressed(pixel_key key) {
#ifdef PLATFORM_WEB
    int index = (int)key;
    return index >= 0 &&
           index < PIXELRAM_KEY_STATE_SIZE &&
           pr.key_pressed_frame[index];
#else
    switch (key) {
        case pixel_key_shift:
            return modifier_pressed(KEY_LEFT_SHIFT, KEY_RIGHT_SHIFT);
        case pixel_key_ctrl:
            return modifier_pressed(KEY_LEFT_CONTROL, KEY_RIGHT_CONTROL);
        case pixel_key_alt:
            return modifier_pressed(KEY_LEFT_ALT, KEY_RIGHT_ALT);
        default: {
            int k = raylib_key(key);
            return (k != KEY_NULL) && IsKeyPressed(k);
        }
    }
#endif
}

bool key_released(pixel_key key) {
#ifdef PLATFORM_WEB
    int index = (int)key;
    return index >= 0 &&
           index < PIXELRAM_KEY_STATE_SIZE &&
           pr.key_released_frame[index];
#else
    switch (key) {
        case pixel_key_shift:
            return modifier_released(KEY_LEFT_SHIFT, KEY_RIGHT_SHIFT);
        case pixel_key_ctrl:
            return modifier_released(KEY_LEFT_CONTROL, KEY_RIGHT_CONTROL);
        case pixel_key_alt:
            return modifier_released(KEY_LEFT_ALT, KEY_RIGHT_ALT);
        default: {
            int k = raylib_key(key);
            return (k != KEY_NULL) && IsKeyReleased(k);
        }
    }
#endif
}

bool poll_key_event(pixel_key_event *event) {
    if (!event || pr.key_read == pr.key_write) {
        return false;
    }

    *event = pr.key_queue[pr.key_read];
    pr.key_read = (pr.key_read + 1) % PIXELRAM_KEY_QUEUE_SIZE;
    return true;
}

#ifndef PLATFORM_WEB
static int raylib_mouse_button(pixel_mouse_button button) {
    switch (button) {
        case pixel_mouse_left:
            return MOUSE_BUTTON_LEFT;
        case pixel_mouse_right:
            return MOUSE_BUTTON_RIGHT;
        case pixel_mouse_middle:
            return MOUSE_BUTTON_MIDDLE;
        default:
            return -1;
    }
}
#endif

void mouse_position(int *x, int *y) {
#ifdef PLATFORM_WEB
    if (web_mouse_position_valid) {
        if (x)
            *x = web_mouse_x;
        if (y)
            *y = web_mouse_y;
        return;
    }
#endif

    Vector2 p = GetMousePosition();
    if (x)
        *x = (int)p.x;

    if (y)
        *y = (int)p.y;
}

void mouse_delta(int *dx, int *dy) {
#ifdef PLATFORM_WEB
    int x = web_mouse_dx;
    int y = web_mouse_dy;

    web_mouse_dx = 0;
    web_mouse_dy = 0;

    if (dx)
        *dx = x;
    if (dy)
        *dy = y;
#else
    Vector2 d = GetMouseDelta();
    if (dx)
        *dx = (int)d.x;

    if (dy)
        *dy = (int)d.y;
#endif
}

void set_mouse_position(int x, int y) {
    SetMousePosition(x, y);
}

bool mouse_button_down(pixel_mouse_button button) {
#ifdef PLATFORM_WEB
    if ((int)button < 0 || (int)button >= 3)
        return false;
    return (web_mouse_buttons_down & (1u << (unsigned int)button)) != 0;
#else
    int b = raylib_mouse_button(button);
    return b >= 0 && IsMouseButtonDown(b);
#endif
}

bool mouse_button_pressed(pixel_mouse_button button) {
#ifdef PLATFORM_WEB
    if ((int)button < 0 || (int)button >= 3)
        return false;
    return (pr.mouse_pressed_frame & (1u << (unsigned int)button)) != 0;
#else
    int b = raylib_mouse_button(button);
    return b >= 0 && IsMouseButtonPressed(b);
#endif
}

bool mouse_button_released(pixel_mouse_button button) {
#ifdef PLATFORM_WEB
    if ((int)button < 0 || (int)button >= 3)
        return false;
    return (pr.mouse_released_frame & (1u << (unsigned int)button)) != 0;
#else
    int b = raylib_mouse_button(button);
    return b >= 0 && IsMouseButtonReleased(b);
#endif
}

void set_mouse_relative(bool enabled) {
    /*
     * Some ports (notably Chocolate Descent) repeat their desired relative
     * mouse state every frame. Treat this as state, not as a reset command:
     * clearing deltas on an unchanged `true` would erase movement before the
     * game's control code gets a chance to read it.
     */
    if (pr.mouse_relative == enabled)
        return;

    pr.mouse_relative = enabled;

#ifdef PLATFORM_WEB
    web_mouse_dx = 0;
    web_mouse_dy = 0;
    pixelram_set_relative_mouse_js(enabled ? 1 : 0);
#else
    if (enabled)
        DisableCursor();
    else
        EnableCursor();
#endif
}

double seconds(void) {
    return GetTime();
}

uint32_t ticks_ms(void) {
    return (uint32_t)(GetTime() * 1000.0);
}

static void framebuffer_changed(void) {
#ifdef PLATFORM_WEB
    if (pr.initialized && !pr.explicit_presented)
        pixelram_schedule_auto_present_js();
#endif
}

void set_pixel(int x, int y, uint8_t index) {
    if (!pr.initialized || pr.mode != pixel_indexed8 || x < 0 || y < 0 || x >= pr.width || y >= pr.height) {
        return;
    }
    uint8_t *fb = (uint8_t *) pr.framebuffer;
    fb[y * pr.width + x] = index;
    framebuffer_changed();
}

uint8_t get_pixel(int x, int y) {
    if (!pr.initialized || pr.mode != pixel_indexed8 || x < 0 || y < 0 || x >= pr.width || y >= pr.height) {
        return 0;
    }
    const uint8_t *fb = (const uint8_t *)pr.framebuffer;
    return fb[y * pr.width + x];
}

void set_pixel_rgb(int x, int y, uint8_t r, uint8_t g, uint8_t b) {
    if (!pr.initialized || x < 0 || y < 0 || x >= pr.width || y >= pr.height) {
        return;
    }
    size_t pixel = (size_t)y * (size_t)pr.width + (size_t)x;
    switch (pr.mode) {
        case pixel_indexed8:
            break;
        case pixel_rgb565:
            ((uint16_t *)pr.framebuffer)[pixel] = rgb565_pack(r, g, b);
            break;
        case pixel_rgb24: {
            uint8_t *dst = pr.framebuffer + pixel * 3;
            dst[0] = r;
            dst[1] = g;
            dst[2] = b;
            break;
        }
        case pixel_rgba32: {
            uint8_t *dst = pr.framebuffer + pixel * 4;
            dst[0] = r;
            dst[1] = g;
            dst[2] = b;
            dst[3] = 255;
            break;
        }
    }
    framebuffer_changed();
}

bool get_pixel_rgb(int x, int y, uint8_t *r, uint8_t *g, uint8_t *b) {
    uint8_t rr = 0;
    uint8_t gg = 0;
    uint8_t bb = 0;
    if (!pr.initialized || x < 0 || y < 0 || x >= pr.width || y >= pr.height) {
        if (r) *r = 0;
        if (g) *g = 0;
        if (b) *b = 0;
        return false;
    }
    size_t pixel = (size_t)y * (size_t)pr.width + (size_t)x;
    switch (pr.mode) {
        case pixel_indexed8: {
            uint8_t index = ((const uint8_t *)pr.framebuffer)[pixel];
            rr = pr.palette[index].r;
            gg = pr.palette[index].g;
            bb = pr.palette[index].b;
            break;
        }
        case pixel_rgb565: {
            uint16_t value = ((const uint16_t *)pr.framebuffer)[pixel];
            unsigned int r5 = (value >> 11) & 0x1f;
            unsigned int g6 = (value >> 5) & 0x3f;
            unsigned int b5 = value & 0x1f;
            rr = (uint8_t)((r5 * 255u + 15u) / 31u);
            gg = (uint8_t)((g6 * 255u + 31u) / 63u);
            bb = (uint8_t)((b5 * 255u + 15u) / 31u);
            break;
        }
        case pixel_rgb24: {
            const uint8_t *src = pr.framebuffer + pixel * 3;
            rr = src[0];
            gg = src[1];
            bb = src[2];
            break;
        }
        case pixel_rgba32: {
            const uint8_t *src = pr.framebuffer + pixel * 4;
            rr = src[0];
            gg = src[1];
            bb = src[2];
            break;
        }
    }

    if (r) *r = rr;
    if (g) *g = gg;
    if (b) *b = bb;
    return true;
}